level_0,index,Name,Distance [Mpc],RA,Dec,l,b,sigma_e [km/s]
0,1,Andromeda_XVIII,1.285,0.560417,45.0889,113.888,-16.9172,-9.9
1,2,Andromeda_XX,0.771,1.87792,35.1322,112.873,-26.8801,2.6
2,3,ESO_410-G005,1.897,3.88125,-32.18,357.846,-80.7109,-9.9
3,4,Andromeda_XIX,0.852,4.88375,35.0436,115.582,-27.3724,-9.9
4,5,Andromeda_XXVI,0.872,5.94,47.9161,118.144,-14.6981,4.6
5,6,Cetus,0.802,6.54583,-11.0444,101.455,-72.8546,-9.9
6,7,ESO_294-G010,1.916,6.63917,-41.8553,320.416,-74.4176,-9.9
7,8,Andromeda_XXV,0.774,7.53708,46.8519,119.151,-15.8634,-9.9
8,9,NGC 147,0.723,8.30042,48.5086,119.817,-14.2528,7.2
9,10,Andromeda_III,0.746,8.89083,36.4978,119.375,-26.2643,-9.9
10,11,Andromeda_XVII,0.748,9.27917,44.3222,120.232,-18.4744,10.6
11,12,Andromeda_XXVII,1.009,9.3625,45.3869,120.359,-17.4149,4.7
12,13,NGC 185,0.665,9.74167,48.3375,120.792,-14.4824,5.7
13,14,M110,0.812,10.0921,41.6853,120.716,-21.1388,-9.9
14,15,M32,0.773,10.6742,40.8653,121.15,-21.9762,4.5
15,16,Andromeda_I,0.771,11.4158,38.0411,121.679,-24.8166,-9.9
16,17,Andromeda_XI,0.783,11.5833,33.8014,121.719,-29.0583,11.5
17,18,Andromeda_XII,0.88,11.8625,34.3747,121.996,-28.4898,16.0
18,19,Andromeda_XIV,0.764,12.8958,29.6969,122.97,-33.1748,11.0
19,20,Andromeda_XIII,0.858,12.9625,33.0044,123.032,-29.8672,7.3
20,21,Andromeda_IX,0.736,13.2208,43.1958,123.212,-19.6751,35.0
22,23,Andromeda_XVI,0.509,14.8742,32.3767,124.906,-30.4642,4.9
24,25,LGS_3,1.246,15.9792,21.885,126.762,-40.8939,7.5
25,26,Andromeda_X,0.664,16.6404,44.8044,125.751,-17.9845,-9.9
26,27,AGC 111065,72.69,16.7142,32.7014,126.679,-30.0581,-9.9
27,28,NGC 373,72.69,16.7425,32.3083,126.739,-30.4486,-9.9
28,29,NGC 374,72.69,16.7742,32.795,126.73,-29.9612,177.0
30,31,NGC 379,69.325,16.8154,32.5203,126.793,-30.2328,228.0
35,36,NGC 384,72.69,16.8546,32.2925,126.85,-30.4577,254.0
39,40,AGC 111069,72.69,16.9421,32.6931,126.901,-30.0528,-9.9
40,41,NGC 388,72.69,16.9462,32.31,126.938,-30.4346,135.0
41,42,AGC 111070,72.69,16.9667,32.2561,126.962,-30.487,-9.9
42,43,NGC 392,70.875,17.0975,33.1336,127.013,-29.6038,245.0
43,44,NGC 394,72.69,17.1083,33.1481,127.023,-29.5887,177.0
44,45,NGC 397,72.69,17.1296,33.1092,127.046,-29.6261,146.0
45,46,NGC 399,72.69,17.2467,32.6344,127.202,-30.0918,131.0
46,47,NGC 403,72.69,17.3087,32.7522,127.251,-29.9702,215.0
47,48,NGC 404,4.026,17.3625,35.7181,127.035,-27.0102,73.0
48,49,Andromeda_V,0.801,17.5712,47.6281,126.219,-15.1234,3.9
49,50,NGC 407,72.69,17.6521,33.1264,127.546,-29.5735,221.0
50,51,AGC 111071,72.69,17.7108,33.1133,127.604,-29.5823,-9.9
51,52,NGC 410,66.125,17.7454,33.1519,127.633,-29.5413,287.0
52,53,AGC 110098,72.69,17.7817,33.2272,127.661,-29.4637,143.0
53,54,IC 1636,72.69,17.8954,33.3653,127.755,-29.3177,141.0
54,55,AGC 111074,72.69,17.9221,33.5208,127.765,-29.1608,-9.9
55,56,NGC 420,69.95,18.04,32.1231,128.026,-30.5436,173.0
56,57,IC 1638,79.35,18.0908,33.3644,127.942,-29.3037,168.0
57,58,NGC 431,97.667,18.5187,33.7042,128.31,-28.9311,157.0
58,59,Andromeda_XV,0.672,18.5779,38.1175,127.875,-24.5346,9.7
59,60,IC 1652,72.69,18.7342,31.9486,128.726,-30.6586,113.0
60,61,NGC 448,23.3,18.8187,-1.62611,136.559,-63.8654,111.4
61,62,NGC 447,72.69,18.9067,33.0678,128.755,-29.5303,152.0
62,63,Andromeda_II,0.639,19.1242,33.4192,128.919,-29.1611,24.0
63,64,Andromeda_XXIV,0.749,19.625,46.3661,127.789,-16.2502,9.7
64,65,NGC 468,71.704,19.9521,32.7678,129.798,-29.7254,87.0
65,66,AGC 110207,71.704,19.9762,32.9486,129.795,-29.5435,-9.9
66,67,NGC 474,30.88,20.0279,3.41528,136.798,-58.6824,144.5
67,68,NGC 472,71.704,20.1196,32.7092,129.968,-29.7655,261.0
68,69,IC 1673,71.704,20.1929,33.045,129.988,-29.4245,173.0
69,70,UGC 878,57.3,20.2625,33.8986,129.927,-28.5706,165.0
70,71,AGC 110232,71.704,20.2733,33.3789,130.014,-29.0847,126.0
71,72,AGC 110237,71.704,20.3225,33.0906,130.105,-29.3651,127.0
72,73,AGC 111078,71.704,20.3262,33.1586,130.098,-29.2972,-9.9
73,74,IC 1679,71.704,20.4358,33.4936,130.151,-28.953,76.0
74,75,IC 1680,71.704,20.4633,33.2825,130.209,-29.1591,152.0
75,76,NGC 483,71.704,20.4846,33.5208,130.193,-28.9205,204.0
76,77,AGC 111080,71.704,20.5038,33.5097,130.212,-28.9294,-9.9
77,78,AGC 111081,71.704,20.5492,33.4492,130.265,-28.9843,-9.9
78,79,AGC 110268,71.704,20.7029,33.9683,130.328,-28.4525,85.0
79,80,AGC 110272,71.704,20.7158,33.5172,130.411,-28.8977,133.0
80,81,IC 1684,71.704,20.7217,33.4136,130.433,-28.9997,-9.9
81,82,NGC 502,34.25,20.7312,9.04917,135.928,-53.0262,97.5
82,83,NGC 495,70.164,20.7333,33.4717,130.435,-28.9408,164.0
83,84,NGC 499,62.95,20.7979,33.4606,130.498,-28.9443,258.0
84,85,NGC 501,71.704,20.8433,33.4331,130.545,-28.9662,-9.9
85,86,AGC 111085,71.704,20.8479,33.3819,130.558,-29.0162,-9.9
86,87,NGC 509,32.3,20.8504,9.43361,135.989,-52.6259,71.1
87,88,NGC 504,64.6,20.8662,33.2044,130.604,-29.1898,192.0
88,89,IC 1688,71.704,20.8671,33.0831,130.624,-29.3098,-9.9
89,90,NGC 503,71.704,20.8683,33.3317,130.585,-29.0636,-9.9
90,91,NGC 507,62.7,20.9162,33.2561,130.643,-29.1327,283.0
91,92,NGC 508,87.35,20.9192,33.2803,130.642,-29.1084,203.0
92,93,AGC 111088,71.704,20.93,33.4164,130.63,-28.9724,-9.9
93,94,IC 1689,71.704,20.9492,33.0553,130.707,-29.3275,129.0
94,95,IC 1690,71.704,20.9562,33.1564,130.697,-29.2266,144.0
95,96,AGC 110296,71.704,20.9937,33.3133,130.707,-29.0667,139.0
96,97,NGC 516,34.7,21.0337,9.55167,136.24,-52.4732,69.7
98,99,IC 1691,71.704,21.1075,33.4069,130.799,-28.9603,-9.9
99,100,NGC 515,78.6,21.1608,33.4728,130.838,-28.8887,225.0
100,101,IC 1692,71.704,21.1646,33.2358,130.881,-29.1226,91.0
101,102,NGC 517,57.65,21.1825,33.4294,130.866,-28.9289,186.0
102,103,NGC 524,27.471,21.1987,9.53889,136.505,-52.4515,220.3
103,104,NGC 525,30.7,21.2204,9.70333,136.483,-52.2863,79.8
104,105,NGC 528,71.2,21.39,33.6717,131.02,-28.6636,271.0
105,106,AGC 111097,71.704,21.4004,34.7364,130.849,-27.6096,-9.9
106,107,NGC 529,67.95,21.4183,34.7133,130.869,-27.6302,244.0
107,108,AGC 111098,71.704,21.4279,33.0878,131.156,-29.236,-9.9
108,109,AGC 111100,6.493,21.4808,33.4372,131.146,-28.8839,-9.9
109,110,NGC 553,71.704,21.5525,33.405,131.219,-28.9066,98.0
110,111,NGC 531,71.704,21.5787,34.7539,131.009,-27.5703,144.0
111,112,NGC 542,71.704,21.6288,34.6753,131.068,-27.6417,96.0
112,113,Andromeda_XXII,0.904,21.9167,28.0903,132.587,-34.1013,9.4
113,114,Andromeda_XXIII,0.749,22.3408,38.7189,130.992,-23.5586,-9.9
114,115,NGC 584,19.93,22.8362,-6.86806,149.805,-67.6334,204.4
115,116,NGC 636,26.04,24.7771,-7.5125,155.064,-67.3607,150.7
116,117,NGC 661,37.3,26.0608,28.7058,136.71,-32.7492,178.2
117,118,AGC 110536,68.958,27.2592,35.2339,136.013,-26.1705,97.0
118,119,UGC 269,67.95,27.2742,34.9831,136.095,-26.4106,130.0
119,120,UGC 272,68.958,27.3154,35.0731,136.107,-26.315,138.0
120,121,AGC 110538,68.958,27.3254,34.9683,136.145,-26.4144,-9.9
121,122,AGC 110540,68.958,27.3383,36.24,135.807,-25.1796,81.0
122,123,UGC 277,72.42,27.3571,35.4528,136.039,-25.9387,150.0
123,124,NGC 679,63.46,27.4325,35.7856,136.013,-25.6011,242.0
124,125,NGC 680,34.85,27.4471,21.9708,140.4,-38.9135,182.8
125,126,AGC 111104,68.958,27.5617,36.2286,136.003,-25.146,-9.9
126,127,AGC 111106,5.915,27.5933,35.9833,136.098,-25.3771,-9.9
127,128,AGC 111107,68.958,27.6008,36.3406,136.006,-25.0297,-9.9
128,129,NGC 687,63.72,27.6383,36.3708,136.03,-24.9928,232.0
129,130,UGC 308,73.533,27.7133,36.2758,136.121,-25.0696,223.0
130,131,AGC 111110,5.746,27.7358,36.1447,136.177,-25.1919,-9.9
131,132,Phoenix,0.418,27.7762,-44.4447,272.159,-68.9494,17.0
132,133,AGC 110851,68.958,27.8283,34.8728,136.617,-26.4028,95.0
133,134,AGC 111112,9.845,27.86,35.9344,136.343,-25.3698,-9.9
134,135,AGC 111113,68.958,27.8854,35.8756,136.382,-25.4215,-9.9
135,136,AGC 110581,68.958,28.0283,35.4147,136.638,-25.837,171.0
136,137,UGC 336,70.5,28.0529,36.0975,136.464,-25.1722,117.0
137,138,NGC 700,68.958,28.07,36.0367,136.496,-25.2274,142.0
138,139,UGC 339,53.85,28.1033,35.8564,136.576,-25.3946,153.0
139,140,AGC 111119,68.958,28.1162,36.4981,136.404,-24.772,-9.9
140,141,AGC 110848,68.958,28.1358,36.1153,136.53,-25.1377,-9.9
141,142,NGC 704,68.958,28.1571,36.1269,136.545,-25.122,-9.9
142,143,NGC 703,65.4,28.165,36.1714,136.539,-25.0774,269.0
143,144,AGC 111122,68.958,28.1667,36.1411,136.549,-25.1063,109.0
144,145,NGC 704,68.958,28.1667,36.1208,136.555,-25.1259,-9.9
145,146,NGC 705,68.958,28.1729,36.1439,136.554,-25.1023,172.0
146,147,NGC 708,63.0,28.1937,36.1519,136.569,-25.0902,212.0
147,148,NGC 709,68.958,28.2108,36.2233,136.564,-25.0177,-9.9
148,149,AGC 111123,68.958,28.2112,36.1517,136.585,-25.0868,63.0
149,150,NGC 720,23.738,28.2521,-13.7386,173.019,-70.3573,229.8
150,151,NGC 712,71.4,28.285,36.8197,136.456,-24.4263,252.0
151,152,AGC 111124,68.958,28.2892,36.3461,136.596,-24.8827,-9.9
152,153,AGC 110594,68.958,28.3112,36.3339,136.618,-24.8898,130.0
153,154,AGC 111126,68.958,28.3404,36.3603,136.635,-24.8582,-9.9
154,155,UGC 353,68.958,28.3454,36.9553,136.469,-24.2828,220.0
155,156,AGC 110597,68.958,28.3492,36.0122,136.744,-25.1922,126.0
156,157,NGC 714,68.958,28.3733,36.2214,136.704,-24.9853,264.0
157,158,AGC 111127,68.958,28.4229,36.3136,136.72,-24.8858,-9.9
158,159,AGC 110605,68.958,28.4587,36.3503,136.74,-24.8428,157.0
159,160,NGC 717,68.958,28.4796,36.2294,136.793,-24.9549,138.0
160,161,AGC 110607,68.958,28.4871,36.6411,136.68,-24.5563,106.0
161,162,AGC 110608,68.958,28.5471,35.9222,136.941,-25.2367,96.0
162,163,AGC 110613,68.958,28.7233,37.5289,136.621,-23.6503,109.0
163,164,UGC 387,68.958,28.795,36.2608,137.054,-24.8568,-9.9
164,165,UGC 390,68.958,28.8383,36.3069,137.077,-24.803,-9.9
165,166,UGC 392,66.1,28.8725,36.5619,137.031,-24.55,87.0
166,167,NGC 732,68.958,29.1154,36.8022,137.165,-24.2659,133.0
167,168,UGC 415,68.958,29.1829,36.3844,137.348,-24.6528,141.0
168,169,AGC 110683,68.958,29.4071,37.4564,137.213,-23.573,99.0
169,170,UGC 434,68.958,29.4121,36.2553,137.583,-24.7257,113.0
170,171,NGC 759,71.5,29.4596,36.3431,137.596,-24.6307,240.0
171,172,AGC 110690,68.958,29.5233,37.5781,137.272,-23.4305,186.0
172,173,NGC 770,32.3,29.8067,18.9547,144.383,-41.0763,109.1
173,174,IC 179,61.55,30.0479,38.0214,137.569,-22.8883,225.0
174,175,NGC 777,62.25,30.0621,31.4294,139.734,-29.1874,316.3
175,176,NGC 821,23.975,32.0879,10.995,151.555,-47.5568,179.5
176,177,Segue_II,0.035,34.8167,20.1753,149.433,-38.1352,4.3
177,178,NGC 936,20.683,36.9058,-1.15639,168.574,-55.2642,167.9
178,179,Fornax,0.139,39.9971,-34.4492,237.104,-65.6515,3.3
179,180,NGC 023,11.581,40.1,39.0633,145.023,-19.0892,166.7
181,182,NGC 121,35.3,42.6633,-1.73417,176.362,-51.787,167.9
182,183,NGC 222,31.0,47.2362,-2.95528,182.598,-49.2072,90.8
183,184,NGC 248,30.4,48.2021,-5.22472,186.261,-49.8605,80.5
184,185,NGC 266,29.9,49.0029,-2.42722,183.668,-47.5078,79.1
185,186,NGC 289,30.25,49.7075,-1.97333,183.8,-46.675,124.5
186,187,PGC 12636,22.633,50.5946,-37.3983,240.52,-56.7306,-9.9
188,189,PGC 74372,18.967,50.8892,-36.9839,239.724,-56.5437,-9.9
189,190,PGC 12691,17.275,50.905,-35.7783,237.541,-56.6376,-9.9
190,191,PGC 74392,18.967,51.0737,-35.2617,236.588,-56.5339,-9.9
191,192,NGC 316,16.9,51.2433,-37.0094,239.717,-56.2597,-9.9
192,193,PGC 74403,18.967,51.2896,-36.5531,238.893,-56.2659,-9.9
193,194,PGC 74404,18.967,51.3004,-32.9025,232.31,-56.4044,-9.9
194,195,PGC 74408,18.967,51.3525,-36.7447,239.228,-56.1983,-9.9
195,196,PGC 74411,18.967,51.3996,-32.9597,232.414,-56.3215,-9.9
196,197,FCC 2,18.967,51.4425,-35.5083,237.001,-56.2195,-9.9
197,198,IC 1919,19.233,51.5092,-32.8944,232.298,-56.229,64.0
198,199,PGC 74418,18.967,51.5308,-35.1275,236.311,-56.1679,-9.9
199,200,PGC 74428,31.268,51.6042,-37.1281,239.877,-55.9614,61.0
200,201,NGC 336,21.525,51.6342,-35.7136,237.352,-56.0515,-9.9
201,202,PGC 74435,18.967,51.6771,-34.5472,235.262,-56.0712,-9.9
202,203,PGC 74436,18.967,51.6808,-37.2986,240.169,-55.8835,-9.9
203,204,PGC 74441,18.967,51.7162,-36.7986,239.277,-55.9032,-9.9
204,205,,20.4,51.7254,-35.5178,236.994,-55.989,-9.9
205,206,PGC 74451,18.967,51.7837,-34.3997,234.994,-55.9876,-9.9
206,207,PGC 12878,21.18,51.825,-34.5264,235.218,-55.95,69.0
207,208,PGC 12882,18.967,51.84,-36.1464,238.104,-55.8563,-9.9
208,209,PGC 74469,18.967,51.8663,-35.9233,237.705,-55.8503,-9.9
209,210,PGC 74475,18.967,51.895,-37.505,240.503,-55.6928,-9.9
210,211,PGC 74487,18.967,51.9442,-33.5642,233.499,-55.8672,-9.9
211,212,PGC 74504,18.967,52.0,-33.6625,233.674,-55.8203,-9.9
212,213,NGC 339,20.845,52.0275,-32.2861,231.226,-55.7803,-9.9
213,214,PGC 74506,18.967,52.0279,-35.2367,236.472,-55.757,-9.9
214,215,PGC 12931,18.967,52.1175,-33.7339,233.8,-55.7221,-9.9
215,216,PGC 74521,18.967,52.2158,-33.8444,233.995,-55.6396,-9.9
216,217,PGC 74522,18.967,52.2367,-36.4361,238.575,-55.5164,-9.9
217,218,PGC 74549,18.967,52.3887,-35.8664,237.558,-55.4313,-9.9
218,219,PGC 74563,18.967,52.425,-36.2214,238.179,-55.3801,-9.9
219,220,PGC 74565,18.967,52.4396,-35.3783,236.695,-55.415,-9.9
220,221,PGC 13004,18.967,52.5329,-32.4758,231.583,-55.3593,-9.9
221,222,PGC 74605,23.1,52.6271,-34.26,234.721,-55.2942,-9.9
222,223,NGC 351,20.459,52.6458,-34.8539,235.763,-55.2658,-9.9
223,224,PGC 74617,18.8,52.6925,-35.5494,236.979,-55.2014,-9.9
224,225,PGC 74618,18.967,52.6946,-35.3544,236.638,-55.2083,-9.9
225,226,PGC 74628,18.967,52.7346,-33.5556,233.484,-55.2085,-9.9
226,227,PGC 13058,19.7,52.7842,-36.2903,238.266,-55.0866,-9.9
227,228,PGC 74649,18.967,52.8004,-33.2439,232.939,-55.1509,-9.9
228,229,FCC 4,18.967,52.845,-34.9717,235.96,-55.099,-9.9
229,230,PGC 13084,18.775,52.8533,-35.3311,236.588,-55.0798,-9.9
230,231,FCC 7,18.967,52.8621,-35.4944,236.872,-55.066,-9.9
231,232,PGC 13099,18.967,52.9371,-34.3381,234.851,-55.037,-9.9
232,233,PGC 74679,18.967,52.9454,-35.6756,237.183,-54.9902,-9.9
233,234,PGC 13097,21.14,52.9483,-35.0519,236.096,-55.012,-9.9
234,235,PGC 74696,18.967,53.1142,-35.7753,237.345,-54.8487,-9.9
235,236,PGC 13131,18.967,53.1308,-36.0867,237.884,-54.8194,-9.9
236,237,PGC 74704,18.967,53.1879,-37.8367,240.9,-54.6412,-9.9
237,238,PGC 74705,18.967,53.1954,-37.6419,240.564,-54.6537,-9.9
238,239,PGC 13146,19.425,53.1983,-34.2386,234.674,-54.8223,-9.9
239,240,PGC 74706,18.967,53.2025,-36.1531,237.993,-54.7579,-9.9
240,241,PGC 13151,13.6,53.2392,-35.7378,237.272,-54.7491,-9.9
241,242,PGC 74710,18.967,53.2637,-36.4433,238.49,-54.6916,-9.9
242,243,PGC 74711,18.967,53.2646,-33.7231,233.78,-54.7681,-9.9
243,244,PGC 74714,18.2,53.3029,-36.0172,237.751,-54.6841,-9.9
244,245,FCC 7,18.967,53.3108,-37.8197,240.855,-54.5462,-9.9
245,246,PGC 74723,18.967,53.38,-34.4553,235.047,-54.6701,-9.9
246,247,PGC 13177,36.267,53.3908,-33.5733,233.522,-54.6619,-9.9
247,248,PGC 74726,18.967,53.4267,-32.4253,231.54,-54.6038,-9.9
248,249,PGC 74728,18.967,53.4521,-35.8358,237.428,-54.5721,-9.9
249,250,PGC 74729,18.967,53.4542,-34.1697,234.553,-54.6111,-9.9
250,251,PGC 74730,18.967,53.4808,-34.3467,234.858,-54.588,-9.9
251,252,PGC 74736,18.967,53.5762,-35.7947,237.349,-54.4733,-9.9
252,253,PGC 74737,18.967,53.5846,-35.3619,236.605,-54.4826,-9.9
253,254,PGC 74738,18.967,53.5908,-34.5925,235.28,-54.4947,-9.9
254,255,PGC 13230,18.72,53.6229,-35.5464,236.92,-54.4452,64.0
255,256,PGC 13232,18.967,53.6283,-34.2975,234.772,-54.4665,-9.9
256,257,PGC 13242,18.967,53.6837,-35.8614,237.457,-54.3834,-9.9
257,258,PGC 74742,25.1,53.735,-35.1911,236.305,-54.3648,-9.9
258,259,PGC 74744,18.967,53.7425,-35.0431,236.051,-54.3623,-9.9
259,260,NGC 373,18.9,53.7467,-35.1711,236.27,-54.3558,-9.9
260,261,PGC 74745,16.5,53.7512,-35.3222,236.529,-54.348,-9.9
261,262,PGC 74747,16.2,53.7729,-35.2183,236.35,-54.3332,-9.9
262,263,NGC 374,18.661,53.8192,-35.2264,236.362,-54.2952,-9.9
263,264,NGC 375,17.927,53.82,-35.2656,236.429,-54.2935,79.0
264,265,PGC 74752,18.3,53.8504,-36.3639,238.307,-54.2248,67.0
265,266,PGC 74753,18.967,53.855,-36.1792,237.991,-54.2305,-9.9
266,267,PGC 74754,18.967,53.8771,-35.2517,236.404,-54.2472,-9.9
267,268,IC 335,18.01,53.8792,-34.4469,235.026,-54.2586,221.0
268,269,PGC 13281,18.614,53.8879,-32.465,231.635,-54.2165,-9.9
269,270,PGC 74755,18.967,53.8917,-34.8047,235.638,-54.2445,-9.9
270,271,PGC 13287,24.7,53.9283,-35.3381,236.549,-54.2031,-9.9
271,272,PGC 74757,18.967,53.9283,-35.5144,236.851,-54.1979,-9.9
272,273,PGC 13291,18.967,53.9429,-35.9894,237.661,-54.1682,-9.9
273,274,PGC 74759,18.967,53.9821,-34.8278,235.676,-54.1699,-9.9
274,275,NGC 379,18.01,54.0162,-35.4411,236.722,-54.1285,130.1
275,276,PGC 74761,21.0,54.0162,-35.3892,236.633,-54.13,-9.9
276,277,PGC 74763,18.967,54.0283,-35.8414,237.404,-54.1052,-9.9
277,278,PGC 74766,18.967,54.0537,-36.1667,237.956,-54.0708,-9.9
278,279,PGC 74768,18.967,54.0979,-35.9114,237.519,-54.0461,-9.9
279,280,NGC 380,19.163,54.115,-34.9761,235.926,-54.0586,150.0
280,281,PGC 74770,18.7,54.1162,-35.2106,236.325,-54.0529,-9.9
281,282,NGC 381,18.622,54.1321,-35.2953,236.469,-54.038,67.0
282,283,FCC 1,18.967,54.1562,-35.3858,236.622,-54.016,-9.9
283,284,PGC 74776,18.967,54.18,-34.1592,234.534,-54.0105,-9.9
284,285,PGC 74777,18.967,54.1896,-33.0139,232.587,-53.9828,-9.9
285,286,NGC 380,17.056,54.1979,-34.7397,235.522,-53.9938,49.0
286,287,PGC 74778,18.967,54.2025,-34.28,234.74,-53.9922,-9.9
288,289,PGC 74780,18.967,54.2204,-36.4861,238.488,-53.921,-9.9
289,290,PGC 74781,18.967,54.2221,-34.9386,235.86,-53.9714,-9.9
290,291,PGC 13343,19.875,54.2262,-35.3747,236.601,-53.9592,-9.9
291,292,NGC 387,17.24,54.2375,-35.5067,236.825,-53.9465,-9.9
292,293,PGC 74783,18.967,54.2617,-34.8756,235.752,-53.9398,-9.9
293,294,PGC 74785,19.4,54.2687,-35.5906,236.966,-53.9187,-9.9
294,295,PGC 13349,18.967,54.27,-34.6031,235.289,-53.9356,-9.9
295,296,NGC 380,18.7,54.2871,-35.195,236.294,-53.9137,-9.9
296,297,PGC 74787,17.5,54.2917,-35.3869,236.619,-53.9056,-9.9
297,298,PGC 74788,15.4,54.2933,-35.8883,237.47,-53.8888,-9.9
298,299,NGC 389,17.685,54.2992,-35.7456,237.227,-53.8891,-9.9
299,300,PGC 74790,21.0,54.325,-35.6986,237.147,-53.8696,-9.9
300,301,PGC 74791,18.967,54.3471,-34.9003,235.792,-53.8695,-9.9
301,302,PGC 74792,26.2,54.3917,-35.8294,237.365,-53.8112,-9.9
302,303,PGC 74796,18.967,54.4208,-35.2961,236.461,-53.8024,-9.9
303,304,PGC 74797,18.967,54.4279,-37.2083,239.692,-53.7124,-9.9
304,305,PGC 74800,18.967,54.4737,-37.2797,239.809,-53.6712,-9.9
305,306,PGC 74802,18.967,54.4775,-34.8825,235.76,-53.7627,-9.9
307,308,PGC 13399,19.85,54.5379,-34.5186,235.144,-53.7153,-9.9
308,309,PGC 13405,21.1,54.5562,-37.2903,239.819,-53.605,-9.9
309,310,PGC 13404,20.675,54.5567,-33.1272,232.795,-53.6789,40.0
311,312,PGC 74807,18.967,54.5804,-36.0658,237.755,-53.65,-9.9
312,313,PGC 74808,17.55,54.5804,-35.1292,236.175,-53.6751,-9.9
313,314,PGC 74811,21.8,54.5896,-35.2594,236.395,-53.6654,283.7
315,316,NGC 395,21.412,54.6237,-23.0275,216.212,-52.1208,239.8
316,317,PGC 74816,23.9,54.6529,-35.8342,237.361,-53.5994,-9.9
317,318,PGC 74817,19.3,54.6567,-35.7575,237.232,-53.5987,-9.9
318,319,PGC 74821,13.3,54.6892,-35.2664,236.404,-53.584,-9.9
319,320,NGC 404,19.097,54.7162,-35.5944,236.955,-53.5548,211.5
320,321,PGC 74826,14.7,54.7296,-35.2367,236.353,-53.5515,-9.9
321,322,PGC 74832,18.967,54.7742,-36.0986,237.801,-53.4923,-9.9
322,323,PGC 13449,18.85,54.8054,-35.3714,236.578,-53.4872,-9.9
323,324,PGC 13452,14.8,54.8312,-35.7264,237.173,-53.458,-9.9
324,325,PGC 74840,18.967,54.8867,-31.7922,230.575,-53.3357,-9.9
325,326,PGC 74850,18.967,54.9587,-35.5228,236.827,-53.3593,-9.9
326,327,FCC 6,18.967,54.96,-35.0214,235.987,-53.3658,-9.9
327,328,PGC 74851,25.2,54.9642,-35.3219,236.491,-53.3586,-9.9
328,329,PGC 74856,25.9,54.9808,-35.6619,237.06,-53.3382,-9.9
329,330,PGC 74859,18.967,55.005,-34.7586,235.547,-53.3305,-9.9
330,331,PGC 74860,18.967,55.0196,-34.1678,234.558,-53.3159,-9.9
331,332,PGC 74863,18.967,55.0312,-32.3194,231.468,-53.2452,-9.9
332,333,PGC 74865,18.967,55.0421,-34.4464,235.024,-53.2996,-9.9
333,334,NGC 407,23.5,55.0492,-18.58,209.635,-50.384,262.8
334,335,PGC 74871,18.967,55.0792,-33.4217,233.311,-53.2512,-9.9
335,336,PGC 74872,18.967,55.0854,-37.6447,240.364,-53.1618,-9.9
336,337,PGC 13515,14.3,55.0979,-35.2769,236.413,-53.2501,-9.9
337,338,PGC 78873,23.8,55.1125,-36.4989,238.453,-53.2041,-9.9
338,339,PGC 74877,18.967,55.1279,-35.8781,237.416,-53.2133,-9.9
339,340,PGC 74879,18.5,55.1408,-35.0225,235.987,-53.2177,42.0
340,341,PGC 74882,18.967,55.1571,-36.1211,237.82,-53.1823,-9.9
341,342,NGC 419,18.54,55.1754,-37.5108,240.133,-53.0996,-9.9
342,343,FCC 7,18.967,55.1767,-35.6611,237.052,-53.1791,-9.9
343,344,PGC 13537,18.967,55.1846,-37.4086,239.962,-53.0989,-9.9
344,345,PGC 74890,18.967,55.2075,-35.0236,235.988,-53.1631,-9.9
345,346,PGC 74893,18.967,55.21,-35.7483,237.197,-53.1501,-9.9
346,347,PGC 74896,18.967,55.2304,-37.8381,240.671,-53.0338,-9.9
347,348,PGC 74899,18.967,55.2533,-35.7419,237.185,-53.115,-9.9
348,349,PGC 13550,17.517,55.265,-33.7794,233.915,-53.1058,-9.9
349,350,PGC 74901,18.967,55.2658,-34.9542,235.872,-53.1158,-9.9
350,351,PGC 74903,18.967,55.2796,-35.6903,237.098,-53.0949,-9.9
351,352,PGC 74905,18.967,55.28,-35.5144,236.805,-53.098,-9.9
352,353,PGC 13560,18.967,55.3033,-35.1583,236.212,-53.0837,-9.9
353,354,PGC 74911,18.967,55.3396,-33.7692,233.9,-53.0436,-9.9
354,355,PGC 74910,18.967,55.3396,-35.9489,237.526,-53.04,-9.9
355,356,PGC 74915,18.967,55.3821,-35.5897,236.928,-53.0136,-9.9
356,357,PGC 74917,19.6,55.4221,-35.1703,236.23,-52.9865,49.0
357,358,PGC 74918,18.967,55.4275,-33.4844,233.431,-52.9626,-9.9
358,359,PGC 74923,18.0,55.4892,-35.2919,236.431,-52.9306,-9.9
359,360,PGC 74929,18.967,55.5262,-34.8494,235.697,-52.9024,-9.9
360,361,PGC 74930,18.967,55.5454,-35.4422,236.68,-52.883,-9.9
361,362,PGC 74933,22.4,55.5721,-35.5408,236.842,-52.8599,-9.9
362,363,PGC 74934,18.967,55.58,-35.5606,236.875,-52.8531,-9.9
363,364,NGC 427,19.355,55.5808,-35.3925,236.597,-52.8547,-9.9
364,365,NGC 428,20.04,55.5946,-35.1539,236.201,-52.8456,95.0
365,366,PGC 13615,18.5,55.6096,-36.6867,238.737,-52.7975,-9.9
366,367,PGC 74936,18.967,55.6129,-33.8711,234.078,-52.819,-9.9
367,368,PGC 74939,18.967,55.6537,-35.9558,237.527,-52.7856,-9.9
368,369,PGC 74940,18.967,55.6608,-35.8678,237.381,-52.7818,-9.9
369,370,PGC 13635,18.967,55.6887,-33.9206,234.162,-52.7572,-9.9
370,371,PGC 74950,18.967,55.8033,-34.6431,235.357,-52.6739,-9.9
371,372,PGC 13671,28.633,55.8442,-33.9403,234.2,-52.6288,44.0
372,373,PGC 74952,18.967,55.8467,-34.6953,235.444,-52.6386,-9.9
373,374,PGC 74960,18.967,55.9762,-33.0397,232.726,-52.487,-9.9
374,375,PGC 74965,18.967,56.1046,-35.8567,237.351,-52.4225,-9.9
375,376,PGC 74966,18.967,56.1129,-35.6644,237.036,-52.4185,-9.9
376,377,PGC 74968,18.967,56.1371,-35.1958,236.268,-52.402,-9.9
377,378,PGC 74969,18.967,56.1637,-35.9825,237.556,-52.3723,-9.9
378,379,PGC 74970,18.967,56.185,-35.6833,237.066,-52.3597,-9.9
379,380,NGC 439,25.238,56.2079,-21.9206,215.147,-50.4105,150.7
380,381,PGC 13749,18.967,56.2496,-36.3194,238.105,-52.2955,-9.9
381,382,FCC 1,20.367,56.2646,-35.9725,237.537,-52.2909,60.0
382,383,PGC 13758,16.65,56.3087,-36.9367,239.11,-52.2282,-9.9
383,384,PGC 74982,18.967,56.3787,-34.505,235.141,-52.1984,-9.9
384,385,PGC 74983,18.967,56.3904,-37.0833,239.345,-52.1572,-9.9
385,386,PGC 74985,18.967,56.4496,-35.0606,236.047,-52.1462,-9.9
386,387,PGC 74987,18.967,56.5342,-36.8225,238.914,-52.0521,-9.9
387,388,NGC 460,21.325,56.5571,-36.6964,238.708,-52.0379,-9.9
388,389,PGC 74990,18.967,56.6392,-34.6858,235.44,-51.9869,-9.9
389,390,PGC 13822,18.967,56.6571,-37.1594,239.455,-51.9416,-9.9
390,391,PGC 74993,18.967,56.7562,-36.4375,238.281,-51.8849,-9.9
391,392,PGC 13839,17.05,56.7842,-36.3267,238.101,-51.8648,-9.9
392,393,PGC 74994,18.967,56.7875,-32.7739,232.352,-51.7929,-9.9
393,394,PGC 13844,18.967,56.8175,-32.3031,231.595,-51.7374,-9.9
394,395,FCC 1,18.967,56.8912,-35.9528,237.494,-51.784,-9.9
395,396,PGC 74998,18.967,56.9062,-36.3631,238.156,-51.7657,-9.9
396,397,PGC 13864,19.7,56.9696,-36.4717,238.33,-51.7126,-9.9
397,398,PGC 74999,18.967,57.0087,-35.0267,235.998,-51.6881,-9.9
398,399,PGC 75000,18.967,57.0179,-36.7461,238.771,-51.6672,-9.9
399,400,PGC 75002,18.967,57.0417,-37.5256,240.025,-51.6208,-9.9
400,401,PGC 75003,18.967,57.0917,-36.1069,237.74,-51.6202,-9.9
401,402,PGC 75007,18.967,57.3017,-36.9742,239.128,-51.4339,-9.9
402,403,PGC 13930,18.967,57.4542,-35.9456,237.477,-51.3284,-9.9
403,404,PGC 13950,16.6,57.6529,-35.9094,237.418,-51.1676,30.0
404,405,PGC 75013,18.967,57.7196,-35.1711,236.242,-51.1085,-9.9
405,406,PGC 75015,18.967,57.755,-36.6833,238.65,-51.0779,-9.9
406,407,AGC 23010,15.514,58.0037,-33.4678,233.552,-50.815,11.4
407,408,NGC 549,15.983,63.9379,-55.5922,265.405,-43.8015,193.8
408,409,NGC 600,54.7,67.9162,-5.08611,200.416,-33.2416,293.0
409,410,Abell_496 1,33.0,68.2792,-13.2108,209.465,-36.5813,47.0
410,411,Abell_496 2,33.0,68.2867,-13.0433,209.279,-36.506,45.0
411,412,Abell_496 3,33.0,68.3004,-13.0803,209.328,-36.5089,33.0
412,413,Abell_496 4,33.0,68.3242,-13.2603,209.544,-36.5615,18.0
413,414,Abell_496 5,33.0,68.3287,-13.2908,209.581,-36.5699,49.0
414,415,Abell_496 6,33.0,68.3346,-13.0542,209.315,-36.4679,72.0
415,416,Abell_496 7,33.0,68.3392,-13.0714,209.337,-36.4709,27.0
416,417,Abell_496 8,33.0,68.3525,-13.1867,209.474,-36.5063,21.0
417,418,Abell_496 9,33.0,68.3537,-13.2286,209.522,-36.5223,41.0
418,419,,33.0,68.3546,-13.1519,209.436,-36.4902,26.0
419,420,Abell_496 1,33.0,68.3558,-13.2375,209.534,-36.5241,39.0
420,421,Abell_496 2,33.0,68.3562,-13.0689,209.342,-36.4547,26.0
421,422,Abell_496 3,33.0,68.3604,-13.2883,209.594,-36.5408,40.0
422,423,Abell_496 4,33.0,68.3742,-13.1478,209.441,-36.4711,31.0
423,424,Abell_496 5,33.0,68.3812,-13.2819,209.597,-36.5197,51.0
424,425,Abell_496 6,33.0,68.3837,-13.255,209.567,-36.5064,79.0
425,426,Abell_496 7,33.0,68.3883,-13.2869,209.606,-36.5154,124.0
426,427,Abell_496 8,33.0,68.3896,-13.3147,209.638,-36.5256,83.0
427,428,Abell_496 9,33.0,68.3937,-13.1936,209.503,-36.4725,19.0
428,429,,33.0,68.4054,-13.2556,209.579,-36.4874,103.0
429,430,Abell_496 1,33.0,68.4092,-13.2503,209.574,-36.4819,147.0
430,431,Abell_496 2,33.0,68.4129,-13.2222,209.544,-36.4671,26.0
431,432,Abell_496 3,33.0,68.4154,-13.2403,209.566,-36.4723,37.0
432,433,Abell_496 4,33.0,68.4237,-13.2644,209.598,-36.4748,176.0
433,434,Abell_496 5,33.0,68.4254,-13.2817,209.618,-36.4803,77.0
434,435,Abell_496 6,33.0,68.4254,-13.2164,209.544,-36.4537,36.0
435,436,Abell_496 7,33.0,68.4283,-13.1464,209.466,-36.4224,53.0
436,437,Abell_496 8,33.0,68.4292,-13.0872,209.399,-36.3974,56.0
437,438,Abell_496 9,33.0,68.4292,-12.99,209.289,-36.3575,21.0
438,439,,33.0,68.4404,-13.095,209.414,-36.3906,46.0
439,440,Abell_496 1,33.0,68.4446,-13.2989,209.647,-36.4703,73.0
440,441,Abell_496 2,33.0,68.4525,-13.0994,209.425,-36.3817,46.0
441,442,Abell_496 3,33.0,68.4546,-13.0889,209.414,-36.3755,55.0
442,443,Abell_496 4,33.0,68.4592,-12.9958,209.311,-36.3332,39.0
443,444,Abell_496 5,33.0,68.4646,-13.1933,209.537,-36.4094,21.0
444,445,Abell_496 6,33.0,68.47,-13.2567,209.612,-36.4305,52.0
445,446,Abell_496 7,33.0,68.4817,-13.1736,209.523,-36.3862,30.0
446,447,Abell_496 8,33.0,68.4842,-12.9869,209.313,-36.3074,43.0
447,448,Abell_496 9,33.0,68.4958,-13.1075,209.455,-36.3465,27.0
448,449,,33.0,68.5067,-13.2333,209.603,-36.3884,151.0
449,450,Abell_496 1,33.0,68.5133,-13.2197,209.591,-36.3769,87.0
450,451,Abell_496 2,33.0,68.5354,-13.1981,209.578,-36.3484,31.0
451,452,Abell_496 3,33.0,68.5442,-13.1325,209.508,-36.3138,38.0
452,453,Abell_496 4,33.0,68.5542,-13.1678,209.553,-36.3194,50.0
453,454,Abell_496 5,33.0,68.5546,-13.2089,209.599,-36.3358,43.0
454,455,Abell_496 6,33.0,68.5642,-13.14,209.526,-36.2991,22.0
455,456,NGC 665,37.5,72.0712,-5.4275,203.102,-29.7781,90.8
456,457,PGC 16060,37.8,72.1433,-3.86722,201.57,-28.9674,110.4
457,458,NGC 700,41.078,74.2346,-4.86583,203.699,-27.6139,218.3
458,459,Carina,0.103,100.403,-50.9661,260.112,-22.2235,3.7
459,460,NGC 300,34.8,113.083,85.7094,127.707,27.8089,249.2
460,461,UGC 960,33.2,115.095,23.275,196.609,20.6979,83.0
461,462,NGC 481,32.0,119.307,23.7678,197.607,24.4811,167.5
462,463,IC 2253,76.233,124.141,21.41,201.794,27.8518,230.0
463,464,NGC 553,66.268,124.396,20.9031,202.425,27.8977,199.0
464,465,NGC 549,14.7,124.743,57.8031,159.664,34.2366,141.9
465,466,NGC 556,66.268,124.753,20.9369,202.521,28.2224,173.0
466,467,NGC 557,72.15,124.795,21.4358,202.005,28.4314,183.0
467,468,AGC 180199,76.022,124.832,21.0589,202.42,28.3342,-9.9
468,469,AGC 180200,66.268,124.851,21.0036,202.486,28.3314,-9.9
469,470,NGC 560,66.268,124.966,20.985,202.548,28.4256,233.0
470,471,NGC 562,66.268,125.098,21.1314,202.441,28.5919,-9.9
471,472,NGC 563,69.875,125.149,21.0678,202.527,28.614,271.0
472,473,AGC 180220,66.268,125.213,21.055,202.565,28.6662,-9.9
473,474,NGC 569,66.268,125.338,20.8675,202.811,28.7102,161.0
474,475,AGC 180226,66.268,125.36,21.1308,202.538,28.8208,-9.9
475,476,NGC 577,36.9,125.681,22.5531,201.12,29.5827,196.3
476,477,AGC 180237,66.268,125.721,21.0781,202.727,29.1185,146.0
477,478,IC 2341,74.0,125.922,21.435,202.417,29.4175,142.0
478,479,NGC 592,45.833,126.783,25.9703,197.718,31.6106,191.4
479,480,NGC 594,35.1,126.821,25.8789,197.832,31.6161,167.5
480,481,UGC 551,28.0,131.025,49.7939,169.394,38.2745,165.6
481,482,Ursa_Major_II,0.034,132.875,63.13,152.464,37.4429,10.5
482,483,NGC 679,30.5,132.887,30.8653,193.6,38.0406,101.2
483,484,NGC 695,35.722,133.613,-3.06694,231.03,25.4703,180.7
484,485,NGC 685,13.475,133.895,58.7344,157.779,38.8957,104.5
485,486,NGC 698,27.1,133.902,-3.18389,231.31,25.6524,192.8
486,487,NGC 699,26.22,133.953,-3.1275,231.287,25.7258,127.1
487,488,NGC 694,71.684,134.247,51.3319,167.236,40.2133,145.0
488,489,NGC 764,37.4,137.072,21.4433,206.504,39.2329,106.9
489,490,NGC 768,20.067,137.906,60.0372,155.495,40.5634,198.2
490,491,NGC 778,37.75,138.102,35.0275,189.104,43.0203,132.1
491,492,UGC 879,1.253,139.009,52.84,164.665,42.8843,-9.9
492,493,NGC 824,40.7,139.759,26.27,201.239,42.9212,127.4
493,494,NGC 852,29.3,140.811,40.1639,182.097,45.4284,157.0
494,495,NGC 859,27.333,141.077,34.5136,190.155,45.4014,162.9
495,496,NGC 880,24.075,142.394,62.4906,151.461,41.7666,132.1
496,497,Leo_T,0.411,143.722,17.0514,214.852,43.6609,9.4
497,498,NGC 962,33.2,145.225,5.16583,229.997,39.6682,145.2
498,499,NGC 974,24.73,145.639,-3.69917,239.512,35.0142,226.5
499,500,NGC 950,19.975,145.646,58.8514,155.19,44.6642,156.0
500,501,IC 560,27.2,146.472,-0.268333,236.69,37.7167,75.7
501,502,NGC 032,26.217,148.034,29.2361,199.011,50.6715,82.0
502,503,PGC 28887,41.0,149.931,11.6608,225.369,46.9173,128.5
503,504,NGC 091,52.525,150.06,-19.6369,256.757,27.5031,267.3
504,505,NGC 073,24.52,150.217,55.6189,157.992,48.2462,62.2
505,506,NGC 098,20.267,150.57,24.7111,206.804,52.0643,126.2
506,507,UGC 408,45.8,150.966,59.4361,152.696,46.8454,60.4
507,508,PGC 29321,40.9,151.463,12.9614,224.655,48.8417,66.4
508,509,Segue_I,0.023,151.767,16.0819,220.478,50.4258,6.7
509,510,Leo_I,0.243,152.117,12.3064,225.986,49.1124,92.0
510,511,NGC 156,21.97,153.172,3.12944,238.259,45.1332,68.7
511,512,IC 598,35.3,153.202,43.1456,175.806,54.2672,99.1
512,513,Sextans_I,0.085,153.262,-1.61472,243.498,42.2721,7.6
513,514,NGC 193,29.31,154.604,21.8939,212.969,54.9343,178.6
514,515,NGC 182,34.0,154.887,58.2058,152.687,49.2186,112.7
515,516,NGC 226,29.837,155.862,19.8986,216.927,55.4432,152.4
516,517,NGC 230,40.8,155.933,12.5678,228.387,52.5265,180.3
517,518,NGC 245,23.525,156.827,28.5075,201.905,58.2207,177.0
518,519,NGC 248,24.6,156.939,22.8472,212.374,57.2716,87.9
519,520,Ursa_Minor_I,0.101,158.72,51.92,159.431,54.4143,6.6
520,521,HCC 7,47.206,159.089,-27.5228,269.525,26.4477,-9.9
521,522,HCC 4,47.206,159.092,-27.5522,269.546,26.425,-9.9
522,523,NGC 308,51.62,159.093,-27.4381,269.476,26.5206,-9.9
523,524,HCC 5,47.206,159.095,-27.5947,269.575,26.391,-9.9
524,525,PGC 31441,55.2,159.096,-27.3547,269.427,26.5912,-9.9
525,526,HCC 9,47.206,159.099,-27.2219,269.347,26.7035,-9.9
526,527,HCC 4,47.206,159.1,-27.4631,269.497,26.503,-9.9
527,528,HCC 9,47.206,159.102,-27.5919,269.578,26.3964,-9.9
528,529,HCC 2,47.206,159.102,-27.2353,269.358,26.6938,-9.9
529,530,,47.206,159.102,-27.1956,269.334,26.7271,-9.9
530,531,HCC 9,47.206,159.102,-27.3692,269.441,26.5825,-9.9
531,532,PGC 31444,47.206,159.103,-27.5819,269.573,26.4055,-9.9
532,533,,47.206,159.104,-27.3661,269.441,26.5858,-9.9
533,534,HCC 8,47.206,159.108,-27.29,269.397,26.6511,-9.9
534,535,HCC 2,47.206,159.108,-27.5978,269.587,26.3948,-9.9
535,536,HCC 6,47.206,159.11,-27.5378,269.552,26.4458,-9.9
536,537,HCC 1,47.206,159.11,-27.545,269.556,26.4398,-9.9
537,538,HCC 9,47.206,159.111,-27.4536,269.5,26.5162,-9.9
538,539,PGC 755661,41.2,159.112,-27.3906,269.462,26.5694,-9.9
539,540,HCC 3,47.206,159.114,-27.5244,269.547,26.4588,-9.9
540,541,,47.206,159.115,-27.5367,269.555,26.4488,-9.9
541,542,PGC 31447,55.2,159.115,-27.3197,269.421,26.6298,-9.9
542,543,HCC 4,47.206,159.117,-27.5153,269.543,26.4676,-9.9
543,544,HCC 2,47.206,159.117,-27.4936,269.53,26.4857,-9.9
544,545,HCC 8,47.206,159.12,-27.2433,269.378,26.6957,-9.9
545,546,PGC 31450,55.2,159.121,-27.4839,269.527,26.4959,-9.9
546,547,HCC 1,47.206,159.122,-27.4567,269.511,26.5192,-9.9
547,548,HCC 4,47.206,159.124,-27.5575,269.575,26.4361,-9.9
548,549,HCC 2,47.206,159.129,-27.2994,269.42,26.6537,-9.9
549,550,HCC 3,47.206,159.129,-27.2542,269.392,26.6914,-9.9
550,551,HCC 5,47.206,159.135,-27.5397,269.574,26.4564,-9.9
551,552,HCC 5,47.206,159.137,-27.2542,269.398,26.6951,-9.9
552,553,HCC 2,47.206,159.14,-27.4497,269.522,26.5335,-9.9
553,554,HCC 7,47.206,159.141,-27.4614,269.53,26.5244,-9.9
554,555,HCC 6,47.206,159.147,-27.2558,269.408,26.699,-9.9
555,556,PGC 31465,55.2,159.148,-27.4706,269.541,26.5202,-9.9
556,557,HCC 8,47.206,159.148,-27.2267,269.391,26.7235,-9.9
557,558,NGC 309,52.222,159.149,-27.5183,269.572,26.4808,-9.9
558,559,HCC 7,47.206,159.149,-27.2644,269.415,26.6927,-9.9
559,560,HCC 2,47.206,159.15,-27.3267,269.454,26.641,-9.9
560,561,,47.206,159.152,-27.5947,269.621,26.4185,-9.9
561,562,HCC 8,47.206,159.152,-27.2114,269.385,26.7385,-9.9
562,563,HCC 5,47.206,159.155,-27.3819,269.493,26.5976,-9.9
563,564,HCC 6,47.206,159.158,-27.1947,269.379,26.7551,-9.9
564,565,HCC 3,47.206,159.158,-27.5944,269.626,26.422,-9.9
565,566,HCC 9,47.206,159.162,-27.4189,269.521,26.5701,-9.9
566,567,HCC 7,47.206,159.162,-27.3569,269.483,26.6221,-9.9
567,568,HCC 6,47.206,159.165,-27.5447,269.602,26.467,-9.9
568,569,PGC 141483,47.206,159.168,-27.5494,269.607,26.4644,-9.9
569,570,HCC 3,47.206,159.169,-27.4219,269.529,26.5712,-9.9
570,571,HCC 8,47.206,159.17,-27.3275,269.471,26.6503,-9.9
571,572,PGC 31476,55.2,159.172,-27.5611,269.617,26.4563,-9.9
572,573,HCC 6,47.206,159.172,-27.3936,269.514,26.5962,-9.9
573,574,HCC 8,47.206,159.173,-27.2769,269.443,26.6939,-9.9
574,575,NGC 311,51.021,159.178,-27.5283,269.602,26.4869,-9.9
575,576,PGC 141484,55.2,159.178,-27.5861,269.638,26.4387,-9.9
576,577,HCC 8,42.8,159.18,-27.425,269.54,26.5737,-9.9
577,578,HCC 7,47.206,159.18,-27.5956,269.645,26.4315,-9.9
578,579,HCC 1,47.206,159.182,-27.2917,269.459,26.6861,-9.9
579,580,HCC 5,47.206,159.182,-27.5494,269.618,26.4712,-9.9
580,581,HCC 5,47.206,159.185,-27.5231,269.604,26.4946,-9.9
581,582,PGC 31483,55.2,159.187,-27.4694,269.573,26.5403,-9.9
582,583,HCC 4,47.206,159.187,-27.3836,269.52,26.6119,-9.9
583,584,HCC 4,47.206,159.188,-27.2414,269.433,26.7309,-9.9
584,585,HCC 1,47.206,159.19,-27.5825,269.645,26.4474,-9.9
585,586,HCC 7,36.7,159.19,-27.5089,269.6,26.5091,-9.9
586,587,HCC 6,38.8,159.192,-27.5236,269.61,26.4974,-9.9
587,588,,47.206,159.197,-27.4036,269.541,26.6001,-9.9
588,589,HCC 1,47.206,159.197,-27.225,269.43,26.7491,-9.9
589,590,HCC 7,47.206,159.201,-27.4811,269.592,26.5373,-9.9
590,591,HCC 2,47.206,159.201,-27.4464,269.571,26.5665,-9.9
591,592,PGC 141485,34.3,159.204,-27.5003,269.606,26.5228,-9.9
592,593,PGC 87330,47.206,159.204,-27.3889,269.538,26.6159,-9.9
593,594,HCC 8,47.206,159.208,-27.3297,269.504,26.6671,-9.9
594,595,PGC 753828,50.2,159.209,-27.5133,269.618,26.5145,-9.9
595,596,,35.1,159.212,-27.3839,269.541,26.6237,-9.9
596,597,HCC 1,47.206,159.217,-27.5297,269.635,26.5047,-9.9
597,598,PGC 141487,38.5,159.219,-27.5378,269.642,26.499,-9.9
598,599,HCC 7,47.206,159.224,-27.5267,269.639,26.5107,-9.9
599,600,HCC 2,47.206,159.231,-27.5986,269.689,26.4539,-9.9
600,601,NGC 301,25.15,159.233,21.8822,215.231,59.0502,110.9
601,602,HCC 3,47.206,159.235,-27.5069,269.636,26.5327,-9.9
602,603,PGC 101368,39.0,159.237,-27.5683,269.676,26.4825,-9.9
603,604,HCC 9,47.206,159.239,-27.5869,269.688,26.4675,-9.9
604,605,HCC 4,47.206,159.244,-27.5739,269.685,26.4811,-9.9
605,606,HCC 9,37.2,159.251,-27.4981,269.644,26.5476,-9.9
606,607,HCC 3,47.206,159.265,-27.5967,269.716,26.4724,-9.9
607,608,HCC 8,47.206,159.297,-27.525,269.698,26.5477,-9.9
608,609,HCC 9,47.206,159.302,-27.4978,269.686,26.5729,-9.9
609,610,HCC 5,42.7,159.307,-27.5069,269.696,26.5677,-9.9
610,611,HCC 1,42.1,159.322,-27.5928,269.761,26.5033,-9.9
611,612,PGC 31542,59.425,159.333,-27.56,269.75,26.5361,-9.9
612,613,PGC 83270,33.085,159.345,-35.3603,274.309,19.9535,61.0
613,614,HCC 6,47.206,159.346,-27.5992,269.785,26.5097,-9.9
614,615,NGC 316,61.4,159.405,-27.5942,269.831,26.5427,-9.9
615,616,HCC 5,47.206,159.409,-27.5997,269.837,26.5396,-9.9
616,617,,47.206,159.413,-27.5617,269.817,26.5735,-9.9
617,618,HCC 1,47.206,159.415,-27.5683,269.822,26.5687,-9.9
618,619,,47.206,159.415,-27.5925,269.837,26.5487,-9.9
619,620,HCC 6,47.206,159.423,-27.5394,269.812,26.5971,-9.9
620,621,PGC 141493,47.206,159.446,-27.5731,269.851,26.58,-9.9
621,622,HCC 3,47.206,159.454,-27.5508,269.844,26.6024,-9.9
622,623,HCC 6,47.206,159.463,-27.5442,269.848,26.6126,-9.9
623,624,HCC 7,47.206,159.468,-27.5389,269.849,26.6195,-9.9
624,625,HCC 9,47.206,159.483,-27.545,269.865,26.6216,-9.9
625,626,HCC 5,47.206,159.494,-27.5214,269.859,26.6465,-9.9
626,627,,47.206,159.512,-27.5964,269.921,26.5928,-9.9
627,628,HCC 1,47.206,159.519,-27.5458,269.895,26.6383,-9.9
628,629,HCC 1,47.206,159.52,-27.5394,269.892,26.6439,-9.9
629,630,HCC 3,47.206,159.526,-27.5906,269.929,26.6043,-9.9
630,631,HCC 4,47.206,159.529,-27.5344,269.897,26.6527,-9.9
631,632,HCC 5,47.206,159.55,-27.5964,269.951,26.6108,-9.9
632,633,NGC 377,10.931,161.926,13.9858,231.178,58.3178,128.2
633,634,M105,10.537,161.957,12.5817,233.49,57.6328,185.8
634,635,NGC 384,11.574,162.07,12.6292,233.522,57.7523,138.0
635,636,Willman_1,0.042,162.337,51.05,158.577,56.7802,4.6
636,637,NGC 400,24.7,162.69,28.4692,202.957,63.3478,77.3
637,638,NGC 412,9.85,162.722,13.4122,232.869,58.7,92.7
638,639,NGC 414,29.025,162.817,27.975,204.077,63.4186,189.2
639,640,NGC 457,20.7,163.702,17.6211,226.271,61.4961,72.6
640,641,NGC 458,29.5,164.006,57.1169,149.213,53.7204,152.1
641,642,UGC 062,38.7,164.656,9.05056,241.757,57.8104,133.4
642,643,NGC 489,9.576,165.077,13.9011,234.384,60.9132,101.2
643,644,NGC 499,26.4,165.796,56.2217,149.136,55.0494,71.8
644,645,NGC 522,25.5,166.668,20.0856,223.674,65.0443,98.4
645,646,UGC 176,40.1,166.853,21.6572,220.263,65.7398,96.4
646,647,NGC 530,31.2,167.168,57.2303,146.976,54.8366,116.9
648,649,IC 676,24.6,168.166,9.05583,246.041,60.4928,64.0
649,650,Leo_II,0.219,168.37,22.1517,220.169,67.2312,9.2
650,651,NGC 595,34.7,168.856,47.4469,159.275,62.3411,134.6
651,652,NGC 599,19.657,168.862,18.1103,230.081,66.1381,63.7
652,653,NGC 605,22.1,169.194,18.0172,230.641,66.3782,83.8
653,654,NGC 607,21.367,169.227,18.0517,230.6,66.4221,206.5
654,655,NGC 608,24.27,169.245,18.1486,230.402,66.481,169.0
655,656,NGC 610,26.892,169.605,58.7864,143.542,54.4617,182.0
656,657,NGC 613,29.55,169.65,58.0,144.34,55.0999,196.8
657,658,NGC 619,27.9,169.84,57.7578,144.46,55.353,143.5
658,659,NGC 626,23.15,170.016,18.3569,230.767,67.2281,131.2
659,660,NGC 630,28.467,170.071,2.96444,256.952,57.4582,156.7
660,661,NGC 640,24.19,170.278,3.23472,256.925,57.7985,176.2
661,662,NGC 641,27.567,170.287,3.19472,256.985,57.7731,141.3
662,663,NGC 648,31.9,170.631,39.8769,172.577,67.6066,167.5
663,664,NGC 658,32.7,170.992,38.5622,175.38,68.4479,126.2
664,665,NGC 665,30.0,171.182,38.7628,174.712,68.4935,216.3
665,666,NGC 674,33.4,171.611,57.0483,143.853,56.4923,185.4
666,667,NGC 694,35.4,172.225,35.4139,182.614,70.5672,87.3
667,668,Leo_V,0.186,172.79,2.22,261.862,58.5374,-9.9
668,669,Leo_IV,0.156,173.237,-0.533333,265.441,56.5144,4.6
669,670,PGC 35754,39.0,173.615,33.1792,188.257,72.3267,103.5
670,671,AGC 210505,90.254,174.118,19.8114,232.021,71.3451,127.0
671,672,AGC 210512,90.254,174.215,20.005,231.603,71.5123,146.0
672,673,NGC 757,22.6,174.262,58.4156,140.369,56.1226,134.3
673,674,AGC 211586,90.254,174.27,19.9239,231.906,71.5234,-9.9
674,675,AGC 211587,90.254,174.962,20.395,231.465,72.3138,-9.9
675,676,AGC 211588,90.254,174.996,20.1597,232.205,72.2385,-9.9
676,677,IC 719,28.567,175.077,9.01,256.752,65.288,128.2
677,678,NGC 796,22.7,175.13,60.2989,138.067,54.6963,82.4
678,679,NGC 805,98.7,175.174,20.3431,231.907,72.4694,216.0
679,680,AGC 211589,90.254,175.23,20.3247,232.038,72.5083,-9.9
680,681,AGC 210603,90.254,175.343,19.9628,233.27,72.4399,196.0
681,682,NGC 816,90.254,175.45,20.1036,233.007,72.5938,-9.9
682,683,AGC 211591,90.254,175.469,20.2492,232.599,72.6754,-9.9
683,684,NGC 818,35.025,175.489,-6.15556,273.593,52.7126,194.6
684,685,AGC 211592,90.254,175.497,20.2553,232.62,72.7019,-9.9
685,686,NGC 821,90.254,175.538,20.3156,232.497,72.7631,196.0
686,687,AGC 211593,90.254,175.675,20.2997,232.74,72.8706,-9.9
687,688,AGC 211149,90.254,175.692,19.9486,233.82,72.7242,-9.9
688,689,AGC 210639,90.254,175.746,20.0869,233.485,72.8331,176.0
689,690,AGC 211596,90.254,175.776,19.9389,233.974,72.7896,-9.9
690,691,UGC 683,90.254,175.817,19.7489,234.601,72.734,-9.9
691,692,AGC 210647,90.254,175.823,19.3842,235.679,72.5618,-9.9
692,693,AGC 211598,90.254,175.832,19.4228,235.58,72.588,-9.9
693,694,AGC 210661,90.254,175.904,19.6047,235.159,72.7361,-9.9
694,695,NGC 834,90.254,175.907,19.0906,236.657,72.4836,219.0
695,696,AGC 211600,90.254,175.913,19.5794,235.247,72.7311,-9.9
696,697,AGC 210666,98.8,175.933,20.2728,233.197,73.0747,166.0
697,698,AGC 210667,90.254,175.945,20.0392,233.924,72.9763,-9.9
698,699,AGC 211602,90.254,175.973,19.7394,234.866,72.8579,-9.9
699,700,NGC 837,87.55,175.985,19.8944,234.421,72.9418,-9.9
700,701,AGC 211604,90.254,175.989,19.9356,234.303,72.9647,-9.9
701,702,AGC 210674,90.254,175.99,19.9539,234.249,72.9737,179.0
702,703,AGC 211622,90.254,175.99,20.3006,233.195,73.1343,-9.9
703,704,AGC 211603,90.254,175.99,20.3006,233.195,73.1343,-9.9
704,705,AGC 210676,90.254,175.998,19.7789,234.787,72.8978,152.0
705,706,NGC 844,90.254,176.003,20.0294,234.041,73.0206,201.0
706,707,NGC 841,12.9,176.009,19.9719,234.223,72.9981,143.0
707,708,NGC 842,94.98,176.009,19.9497,234.29,72.9876,304.0
708,709,AGC 210677,90.254,176.013,19.8011,234.744,72.9208,-9.9
709,710,NGC 845,90.254,176.022,19.9961,234.171,73.0208,179.0
710,711,AGC 211605,90.254,176.024,20.2483,233.405,73.139,-9.9
711,712,AGC 210688,90.254,176.032,19.7375,234.962,72.9054,-9.9
712,713,NGC 838,23.5,176.057,57.9483,139.289,56.9943,133.4
713,714,AGC 210694,90.254,176.079,19.8447,234.713,72.9957,-9.9
714,715,NGC 851,90.254,176.085,19.9808,234.312,73.0655,255.0
715,716,AGC 210695,90.254,176.086,19.8258,234.781,72.9929,-9.9
716,717,AGC 210703,90.254,176.105,19.8281,234.803,73.0091,-9.9
717,718,AGC 211606,90.254,176.105,20.1078,233.956,73.1412,-9.9
718,719,AGC 210699,90.254,176.118,19.7353,235.102,72.9758,-9.9
719,720,AGC 210708,90.254,176.127,20.0767,234.085,73.1454,138.0
720,721,AGC 210717,90.254,176.194,19.7578,235.153,73.0492,-9.9
721,722,AGC 210724,90.254,176.197,19.8764,234.801,73.1089,-9.9
725,726,AGC 210727,90.254,176.228,19.7764,235.15,73.0863,-9.9
726,727,AGC 210729,90.254,176.238,19.735,235.29,73.0745,163.0
730,731,AGC 210741,90.254,176.312,19.8456,235.072,73.1884,189.0
731,732,AGC 211610,90.254,176.355,19.2981,236.777,72.9538,-9.9
732,733,AGC 211611,19.296,176.356,19.8181,235.225,73.2118,-9.9
733,734,AGC 210749,90.254,176.365,20.8072,232.158,73.6752,288.0
734,735,AGC 211612,90.254,176.367,20.2942,233.78,73.446,-9.9
735,736,NGC 867,90.254,176.373,19.4003,236.504,73.0199,227.0
736,737,NGC 868,90.254,176.375,19.4447,236.374,73.0432,218.0
737,738,AGC 211613,90.254,176.397,19.4164,236.495,73.0474,-9.9
738,739,AGC 211614,90.254,176.422,19.7703,235.474,73.2425,-9.9
739,740,NGC 873,87.036,176.442,19.7739,235.495,73.261,-9.9
740,741,NGC 875,90.254,176.456,19.7675,235.536,73.2692,-9.9
741,742,AGC 210759,90.254,176.495,19.5289,236.318,73.1832,-9.9
742,743,AGC 210763,90.254,176.513,19.4369,236.623,73.1521,-9.9
743,744,AGC 210765,90.254,176.526,19.7903,235.579,73.3378,161.0
744,745,AGC 210764,90.254,176.526,19.6344,236.052,73.2616,-9.9
745,746,PGC 170172,37.1,176.732,-5.18778,274.768,54.1184,68.5
746,747,NGC 886,96.35,176.773,19.8372,235.835,73.5639,254.0
747,748,AGC 210795,5.0,177.014,20.0064,235.703,73.8437,139.0
748,749,NGC 904,24.66,177.305,-29.2767,286.982,31.6607,202.7
749,750,NGC 919,90.254,177.673,20.0153,236.791,74.3869,281.0
750,751,AGC 210831,90.254,177.711,20.0489,236.749,74.4349,-9.9
751,752,AGC 211615,90.254,177.772,20.1467,236.539,74.5334,-9.9
752,753,NGC 937,9.5,178.177,20.6314,235.63,75.1012,308.0
753,754,AGC 211616,90.254,178.18,20.5939,235.762,75.0849,-9.9
754,755,NGC 940,92.075,178.193,20.9892,234.423,75.2827,-9.9
755,756,AGC 211617,90.254,178.205,20.67,235.547,75.1426,-9.9
756,757,NGC 941,14.175,178.23,36.9864,170.718,74.1937,120.5
757,758,AGC 211618,5.915,178.258,20.6864,235.583,75.1936,-9.9
758,759,AGC 210878,97.423,178.296,20.6589,235.744,75.2115,148.0
759,760,NGC 945,21.767,178.307,60.6756,135.33,55.0294,177.4
760,761,AGC 211619,90.254,178.366,20.6944,235.746,75.2864,-9.9
761,762,AGC 211620,90.254,178.369,20.4856,236.467,75.1873,-9.9
762,763,NGC 998,21.925,179.484,55.4536,138.172,60.0633,223.9
763,764,NGC 026,15.175,179.855,50.9617,141.939,64.2038,156.7
764,765,NGC 036,20.8,180.361,61.8958,132.98,54.2464,182.0
765,766,NGC 078,48.85,181.198,10.5956,267.116,70.1528,183.7
766,767,NGC 111,15.55,181.763,43.0658,149.529,71.6963,163.3
767,768,NGC 125,24.422,182.025,65.1742,130.19,51.339,214.2
768,769,NGC 119,17.803,182.04,10.3789,269.549,70.3923,68.9
769,770,IC 3019,18.1,182.343,13.9925,264.074,73.6026,-9.9
770,771,NGC 143,17.9,182.4,42.5342,149.184,72.3962,178.6
771,772,IC 3025,16.475,182.596,10.1886,271.254,70.4923,26.0
772,773,NGC 150,14.12,182.64,30.4017,190.446,80.467,82.2
773,774,IC 767,16.5,182.761,12.1039,268.738,72.2386,29.5
774,775,IC 3032,19.8,182.782,14.2747,264.751,74.0779,28.9
775,776,NGC 168,31.771,183.072,13.2053,267.68,73.3372,170.6
776,777,NGC 179,19.6,183.217,1.29972,281.62,62.5647,167.5
777,778,NGC 191,45.1,183.46,7.20083,277.104,68.1667,124.5
778,779,NGC 203,14.94,183.771,33.1972,173.033,80.0787,129.1
779,780,IC 3065,17.271,183.802,14.4328,267.499,74.7538,-9.9
780,781,NGC 215,28.9,183.977,6.40111,279.167,67.6186,133.0
781,782,IC 3077,15.05,183.985,14.4331,268.07,74.8476,20.8
782,783,PGC 39331,21.817,184.14,13.0317,271.157,73.7125,-9.9
783,784,NGC 233,35.98,184.282,7.62444,278.724,68.8681,194.1
784,785,IC 3101,17.7,184.332,11.9433,273.487,72.835,-9.9
785,786,NGC 249,38.7,184.497,5.59861,281.148,67.045,79.6
786,787,NGC 251,13.415,184.534,28.1753,202.931,82.5532,128.8
787,788,IC 3131,9.12,184.712,7.86194,279.595,69.2438,26.6
788,789,NGC 255,30.633,184.734,4.78611,282.374,66.3519,159.6
789,790,NGC 259,57.0,184.842,5.37639,282.164,66.9462,108.6
791,792,PGC 39672,37.45,184.866,5.0475,282.483,66.6413,66.9
792,793,NGC 262,20.0,184.877,14.8778,270.09,75.6723,161.1
794,795,NGC 267,16.545,184.938,12.7983,274.014,73.8642,123.6
795,796,NGC 268,29.6,184.947,5.28389,282.489,66.891,154.2
796,797,NGC 270,33.767,184.956,5.46333,282.369,67.0645,124.7
797,798,IC 781,16.41,185.014,14.9614,270.385,75.8103,24.1
799,800,PGC 39772,16.5,185.051,6.62306,281.629,68.1934,30.9
800,801,NGC 291,33.491,185.076,75.3708,125.554,41.5986,240.3
802,803,NGC 281,34.175,185.09,5.38639,282.754,67.0326,227.5
803,804,UGC 399A,16.41,185.203,17.4869,265.095,78.0444,35.7
804,805,IC 3192,16.5,185.27,11.7547,276.595,73.055,23.8
805,806,IC 782,36.3,185.404,5.76583,283.226,67.4895,74.1
806,807,NGC 306,16.871,185.517,12.7875,275.879,74.0962,40.9
807,808,NGC 309,22.95,185.561,7.16722,282.465,68.871,-9.9
808,809,UGC 436,16.74,185.581,14.7608,272.748,75.8972,42.2
809,810,PGC 40115,26.2,185.671,7.95028,282.057,69.6482,-9.9
810,811,NGC 318,24.575,185.68,8.19833,281.851,69.886,226.0
811,812,NGC 324,30.367,185.776,5.25028,284.532,67.1044,90.4
812,813,NGC 328,16.1,185.833,15.8203,271.53,76.9459,35.1
813,814,NGC 346,15.65,185.866,46.9939,136.575,69.3864,127.1
814,815,NGC 339,18.712,185.895,6.08167,284.212,67.9352,95.5
815,816,NGC 340,17.389,185.897,16.7222,269.731,77.7597,106.4
816,817,PGC 40235,16.5,185.91,12.6278,277.396,74.1052,-9.9
817,818,NGC 342,16.8,185.912,7.05389,283.482,68.8698,242.1
818,819,PGC 40286,16.5,185.97,12.7731,277.384,74.2617,-9.9
819,820,NGC 350,16.0,185.991,16.6933,270.166,77.7802,174.6
820,821,NGC 352,19.067,186.021,11.2181,279.612,72.8394,-9.9
821,822,LLH2012 1,16.5,186.081,12.3272,278.374,73.8921,-9.9
822,823,LLH2012 2,16.5,186.09,12.6097,278.014,74.1568,-9.9
823,824,NGC 365,21.953,186.118,7.31778,283.808,69.1822,221.3
824,825,IC 3284,16.0,186.156,10.8392,280.479,72.5317,-9.9
825,826,LLH2012 3,16.5,186.173,12.5111,278.425,74.0965,-9.9
826,827,LLH2012 4,16.5,186.19,12.7758,278.108,74.3473,-9.9
827,828,NGC 366,16.5,186.196,7.35306,283.987,69.2386,44.7
828,829,IC 3292,16.5,186.201,18.195,267.067,79.1634,43.5
829,830,PGC 40428,20.2,186.206,6.75944,284.489,68.673,31.3
830,831,VCC 3,16.5,186.215,13.1111,277.709,74.6661,-9.9
831,832,NGC 371,15.917,186.231,11.7042,279.673,73.367,143.9
832,833,LLH2012 5,16.5,186.252,13.04,277.94,74.6148,-9.9
833,834,VCC 5,16.5,186.265,13.2447,277.68,74.808,-9.9
835,836,PGC 40460,16.5,186.27,13.0753,277.948,74.6539,-9.9
836,837,PGC 40473,16.5,186.29,12.3825,278.986,74.02,-9.9
837,838,NGC 377,19.309,186.301,14.7622,275.333,76.2081,123.6
838,839,PGC 40479,16.5,186.305,13.0256,278.137,74.6209,-9.9
839,840,LLH2012 6,16.5,186.307,13.0722,278.077,74.6648,-9.9
840,841,NGC 379,17.396,186.311,15.6075,273.773,76.9721,98.6
841,842,IC 3303,15.583,186.313,12.7147,278.608,74.3366,32.1
842,843,LLH2012 7,16.5,186.326,12.4097,279.067,74.0582,-9.9
843,844,LLH2012 8,16.5,186.334,13.1486,278.058,74.7455,-9.9
844,845,UGC 504,16.5,186.34,16.4294,272.15,77.7137,38.0
845,846,AGC 220542,16.5,186.34,13.0717,278.191,74.6767,-9.9
846,847,M85,17.056,186.35,18.1914,267.712,79.2376,179.1
847,848,LLH2012 9,16.5,186.353,13.1094,278.182,74.7166,-9.9
848,849,PGC 40518,16.5,186.361,12.6769,278.819,74.3189,-9.9
849,850,,16.5,186.367,12.3344,279.301,74.0026,-9.9
850,851,PGC 40519,16.5,186.369,12.6367,278.901,74.2844,-9.9
851,852,PGC 40524,16.5,186.37,12.4936,279.1,74.1519,-9.9
852,853,PGC 40523,16.5,186.377,12.9769,278.452,74.6027,-9.9
853,854,PGC 40534,15.65,186.39,13.2272,278.134,74.8389,-9.9
854,855,PGC 40545,16.5,186.403,12.8497,278.72,74.4945,-9.9
855,856,PGC 40548,19.8,186.405,13.1436,278.309,74.7674,-9.9
856,857,LLH2012 1,16.5,186.411,12.8236,278.785,74.4733,-9.9
857,858,PGC 169266,16.5,186.422,13.0475,278.506,74.6848,-9.9
858,859,NGC 387,17.5,186.424,12.8106,278.846,74.4657,99.5
859,860,PGC 40574,16.5,186.436,13.0222,278.589,74.6664,-9.9
860,861,LLH2012 2,16.5,186.437,12.7878,278.924,74.4496,-9.9
861,862,PGC 40577,16.5,186.446,12.7603,278.991,74.4272,-9.9
862,863,LLH2012 3,16.5,186.447,12.4219,279.453,74.1129,-9.9
863,864,PGC 40592,16.5,186.452,13.1228,278.499,74.7654,-9.9
864,865,PGC 40593,16.5,186.454,12.8044,278.957,74.4711,19.0
865,866,PGC 40598,18.2,186.46,13.1978,278.421,74.838,-9.9
866,867,PGC 40603,16.5,186.469,13.1914,278.46,74.8353,-9.9
867,868,PGC 40611,16.5,186.482,12.7697,279.099,74.4489,-9.9
868,869,IC 3338,16.5,186.491,10.0539,282.35,71.9003,29.0
869,870,LLH2012 4,16.5,186.505,13.2272,278.533,74.8818,-9.9
870,871,PGC 40636,17.4,186.523,12.5597,279.523,74.2681,-9.9
871,872,PGC 40641,16.5,186.528,12.8611,279.129,74.5503,-9.9
872,873,PGC 40647,16.5,186.54,12.3953,279.796,74.1206,-9.9
873,874,LLH2012 5,16.5,186.545,12.4817,279.699,74.203,-9.9
874,875,M86,16.442,186.549,12.9461,279.082,74.6368,190.5
875,876,PGC 40654,16.5,186.55,12.0869,280.224,73.8356,-9.9
876,877,NGC 406,16.5,186.562,12.9642,279.104,74.6585,-9.9
877,878,PGC 40662,16.5,186.564,13.3408,278.571,75.0085,-9.9
878,879,PGC 40661,16.5,186.565,13.1431,278.861,74.8257,-9.9
879,880,LLH2012 6,16.5,186.572,12.8328,279.317,74.5396,-9.9
880,881,PGC 40672,16.5,186.583,12.51,279.79,74.2429,-9.9
881,882,PGC 40679,16.5,186.594,12.7867,279.456,74.5047,-9.9
882,883,PGC 40686,16.5,186.598,13.3736,278.644,75.0515,-9.9
883,884,LLH2012 7,16.5,186.6,12.4169,279.968,74.1617,-9.9
884,885,LLH2012 8,16.5,186.609,12.6528,279.688,74.3852,-9.9
885,886,PGC 40691,16.5,186.617,12.9206,279.35,74.6374,-9.9
886,887,LLH2012 9,16.5,186.618,12.9758,279.277,74.6893,-9.9
887,888,IC 3344,17.03,186.635,13.5789,278.47,75.255,31.3
888,889,PGC 40707,16.5,186.638,12.7431,279.665,74.4796,-9.9
889,890,PGC 40718,16.5,186.651,12.8028,279.629,74.5399,-9.9
890,891,,16.5,186.659,11.8919,280.824,73.6898,-9.9
891,892,PGC 40723,19.2,186.666,12.5136,280.063,74.2749,-9.9
892,893,PGC 40725,16.5,186.672,12.845,279.641,74.5864,-9.9
893,894,LLH2012 1,16.5,186.68,12.2956,280.393,74.0758,-9.9
894,895,LLH2012 2,16.5,186.686,13.1878,279.215,74.9107,-9.9
895,896,PGC 40742,16.5,186.694,13.2667,279.132,74.987,-9.9
896,897,IC 3349,16.74,186.696,12.4539,280.242,74.2294,28.4
897,898,PGC 40747,18.14,186.7,13.3792,278.99,75.0935,-9.9
898,899,PGC 40753,16.5,186.702,12.4,280.331,74.1809,-9.9
899,900,LLH2012 3,16.5,186.706,12.1789,280.626,73.9752,-9.9
900,901,NGC 417,15.132,186.711,9.58417,283.469,71.5205,135.8
901,902,IC 3358,16.5,186.726,11.6639,281.318,73.4975,-9.9
902,903,AGC 222857,16.5,186.735,12.9614,279.7,74.7173,-9.9
903,904,PGC 40774,16.5,186.74,12.4206,280.433,74.2133,-9.9
904,905,Coma_Berenices,0.044,186.746,23.9042,241.887,83.6112,14.0
905,906,PGC 40782,16.5,186.747,12.5061,280.345,74.2957,-9.9
906,907,IC 3363,16.5,186.763,12.5608,280.329,74.3525,-9.9
907,908,LLH2012 4,16.5,186.764,13.29,279.343,75.0336,-9.9
908,909,PGC 40787,16.5,186.766,12.8664,279.935,74.6393,-9.9
909,910,LLH2012 5,16.5,186.768,13.4558,279.12,75.1893,-9.9
910,911,PGC 40792,16.5,186.775,13.3236,279.335,75.0689,-9.9
911,912,PGC 40798,16.5,186.785,13.3358,279.352,75.0838,-9.9
912,913,PGC 40806,16.5,186.797,12.0381,281.1,73.8731,-9.9
913,914,PGC 40805,16.5,186.797,12.1144,281.008,73.9451,-9.9
914,915,LLH2012 6,16.5,186.803,13.2208,279.577,74.9831,-9.9
915,916,NGC 425,16.8,186.805,12.7347,280.246,74.5299,82.8
916,917,LLH2012 7,16.5,186.814,13.4131,279.345,75.1661,-9.9
917,918,PGC 40823,16.5,186.816,12.665,280.374,74.4682,-9.9
918,919,LLH2012 8,16.5,186.82,12.5356,280.556,74.3483,-9.9
919,920,IC 3369,18.7,186.82,16.0244,274.929,77.5628,40.4
920,921,LLH2012 9,16.5,186.832,12.2211,280.992,74.0569,-9.9
921,922,,16.5,186.832,13.0869,279.863,74.8683,-9.9
922,923,LLH2012 1,16.5,186.835,11.6956,281.633,73.5627,-9.9
923,924,LLH2012 2,16.5,186.837,12.5747,280.563,74.3908,-9.9
924,925,PGC 40838,16.5,186.837,13.1117,279.85,74.8934,-9.9
925,926,PGC 40840,16.5,186.842,12.0686,281.215,73.917,-9.9
926,927,PGC 40841,16.5,186.848,12.3317,280.909,74.1662,-9.9
927,928,PGC 40849,16.5,186.854,13.4064,279.495,75.1739,-9.9
928,929,NGC 429,15.4,186.86,11.1078,282.379,73.0149,177.0
929,930,PGC 40854,16.5,186.862,11.9425,281.433,73.8047,-9.9
930,931,NGC 431,16.74,186.864,12.2903,281.015,74.1327,38.7
931,932,LLH2012 3,16.5,186.873,11.7344,281.713,73.6118,-9.9
932,933,PGC 40865,16.5,186.873,12.2689,281.072,74.1156,-9.9
933,934,PGC 40864,16.5,186.874,12.2519,281.096,74.1,-9.9
934,935,PGC 40880,16.5,186.893,12.8039,280.457,74.6247,-9.9
935,936,LLH2012 4,16.5,186.899,12.6244,280.711,74.4584,-9.9
936,937,NGC 434,22.183,186.903,8.15444,285.274,70.2051,99.8
937,938,PGC 40890,16.5,186.913,12.88,280.426,74.7028,-9.9
938,939,NGC 435,16.23,186.919,13.0789,280.178,74.8909,152.8
939,940,NGC 436,17.9,186.922,12.3158,281.177,74.1758,39.3
940,941,PGC 40905,16.5,186.923,12.4878,280.968,74.3381,-9.9
941,942,PGC 40906,16.5,186.925,12.0897,281.466,73.964,-9.9
942,943,LLH2012 5,16.5,186.931,11.9681,281.629,73.851,-9.9
943,944,LLH2012 6,16.5,186.935,12.5578,280.92,74.4079,-9.9
944,945,PGC 40916,16.5,186.943,11.7414,281.936,73.6409,-9.9
945,946,LLH2012 7,16.5,186.952,13.0753,280.298,74.8988,-9.9
946,947,PGC 40919,16.5,186.956,12.4997,281.064,74.3603,-9.9
947,948,LLH2012 8,16.5,186.971,12.3831,281.261,74.2554,-9.9
948,949,PGC 40928,16.5,186.977,12.6042,281.003,74.4654,-9.9
949,950,UGC 580,18.562,186.978,8.09028,285.537,70.1635,-9.9
950,951,PGC 40946,16.5,187.002,11.9497,281.886,73.8564,-9.9
951,952,NGC 442,15.11,187.016,9.80361,284.177,71.8191,170.2
952,953,LLH2012 9,16.5,187.025,12.8375,280.867,74.7005,-9.9
953,954,AGC 221561,16.5,187.027,12.8981,280.797,74.7582,-9.9
954,955,PGC 40959,16.5,187.028,12.9786,280.696,74.8343,-9.9
955,956,,16.5,187.033,12.4022,281.447,74.2937,-9.9
956,957,IC 794,23.6,187.036,12.0933,281.831,74.0031,45.6
957,958,PGC 40966,16.5,187.043,12.8089,280.968,74.6797,-9.9
958,959,PGC 40977,16.5,187.051,11.9703,282.026,73.8915,-9.9
959,960,IC 3383,15.267,187.051,10.2978,283.813,72.3016,-9.9
960,961,PGC 40975,16.5,187.054,13.0153,280.736,74.8772,-9.9
961,962,IC 3381,16.06,187.062,11.7897,282.272,73.7242,44.6
962,963,LLH2012 1,16.5,187.065,12.5603,281.359,74.4529,-9.9
963,964,LLH2012 2,16.5,187.074,11.8481,282.245,73.7832,-9.9
964,965,PGC 40995,16.5,187.078,11.7003,282.426,73.6444,-9.9
965,966,LLH2012 3,16.5,187.083,12.8164,281.099,74.7002,-9.9
966,967,LLH2012 4,16.5,187.084,13.3603,280.377,75.2108,-9.9
967,968,IC 3386,16.5,187.099,13.1958,280.654,75.0618,-9.9
968,969,PGC 41012,16.5,187.11,12.3458,281.777,74.2653,-9.9
969,970,IC 3388,15.8,187.117,12.8236,281.205,74.718,-9.9
970,971,LLH2012 5,16.5,187.124,11.9722,282.267,73.9164,-9.9
971,972,LLH2012 6,16.5,187.133,12.9878,281.051,74.878,-9.9
972,973,PGC 41035,16.5,187.135,11.7447,282.566,73.7044,-9.9
973,974,LLH2012 7,16.5,187.166,12.9781,281.18,74.8797,-9.9
974,975,IC 3393,17.218,187.174,12.9158,281.286,74.8236,42.0
975,976,PGC 41059,16.5,187.177,12.5497,281.76,74.4796,-9.9
976,977,NGC 452,16.04,187.18,11.755,282.704,73.7281,79.6
977,978,LLH2012 8,16.5,187.186,11.9936,282.451,73.9561,-9.9
978,979,PGC 41068,16.5,187.187,12.8097,281.469,74.728,-9.9
979,980,PGC 41071,16.5,187.192,12.0222,282.437,73.985,-9.9
980,981,LLH2012 9,16.5,187.195,12.6419,281.708,74.5724,-9.9
981,982,PGC 41077,16.5,187.204,12.1328,282.351,74.0937,-9.9
982,983,,16.5,187.208,12.7964,281.56,74.7223,-9.9
983,984,PGC 41085,16.5,187.213,11.9578,282.584,73.9307,-9.9
984,985,LLH2012 1,16.5,187.216,12.7975,281.586,74.726,-9.9
985,986,LLH2012 2,16.5,187.224,13.1975,281.096,75.1051,-9.9
986,987,PGC 41092,16.5,187.232,12.7069,281.753,74.6455,-9.9
987,988,NGC 458,17.625,187.24,13.2419,281.093,75.1522,88.5
988,989,PGC 41099,16.5,187.24,11.9556,282.677,73.9369,-9.9
989,990,PGC 41098,16.5,187.242,12.6617,281.845,74.6061,-9.9
990,991,LLH2012 3,16.5,187.246,12.0417,282.598,74.0204,-9.9
991,992,PGC 41097,16.5,187.246,12.9083,281.55,74.8402,-9.9
992,993,LLH2012 4,16.5,187.248,11.9231,282.739,73.9084,-9.9
993,994,PGC 41102,16.5,187.249,12.6483,281.886,74.5957,-9.9
994,995,NGC 459,16.867,187.25,13.9783,280.108,75.8461,158.1
995,996,PGC 41108,16.5,187.258,12.4342,282.179,74.3961,-9.9
996,997,NGC 461,14.4,187.262,13.1839,281.252,75.1051,127.6
997,998,PGC 41118,16.5,187.271,12.1536,282.554,74.1343,-9.9
998,999,PGC 41117,16.5,187.272,12.0306,282.7,74.018,-9.9
999,0,LLH2012 5,16.5,187.288,12.4964,282.207,74.4645,-9.9
1000,1,PGC 41136,16.5,187.312,12.9783,281.692,74.9274,-9.9
1001,2,PGC 41146,16.5,187.33,12.3769,282.493,74.3643,-9.9
1002,3,NGC 464,15.689,187.339,8.15667,286.505,70.3209,132.1
1003,4,LLH2012 6,16.5,187.34,12.4678,282.418,74.4534,-9.9
1004,5,IC 3413,18.7,187.344,11.4339,283.593,73.4717,32.1
1005,6,PGC 41156,17.283,187.348,12.4508,282.467,74.44,-9.9
1006,7,PGC 41167,16.5,187.37,12.4961,282.488,74.4896,-9.9
1008,9,LLH2012 7,16.5,187.38,12.57,282.437,74.563,-9.9
1009,10,AGC 223724,16.5,187.39,13.1961,281.692,75.1582,-9.9
1011,12,PGC 41182,16.5,187.398,13.2111,281.702,75.175,-9.9
1012,13,LLH2012 8,16.5,187.399,12.7519,282.283,74.7412,-9.9
1013,14,PGC 41195,16.5,187.413,12.5483,282.578,74.5527,-9.9
1014,15,PGC 41203,16.5,187.422,12.0464,283.188,74.0785,-9.9
1015,16,LLH2012 9,16.5,187.423,12.4992,282.669,74.509,-9.9
1016,17,,16.5,187.43,12.6553,282.508,74.6593,-9.9
1017,18,PGC 41209,16.5,187.434,12.8056,282.339,74.8028,-9.9
1019,20,PGC 41224,16.5,187.447,13.0761,282.048,75.0629,-9.9
1020,21,LLH2012 1,16.5,187.449,12.5717,282.673,74.5858,-9.9
1021,22,NGC 473,16.348,187.454,13.4294,281.617,75.3988,186.6
1022,23,NGC 474,16.1,187.473,14.0686,280.811,76.0065,85.1
1023,24,LLH2012 2,16.5,187.474,12.6217,282.703,74.6411,-9.9
1024,25,PGC 41245,16.5,187.485,13.22,282.001,75.211,-9.9
1025,26,NGC 476,18.569,187.496,12.3486,283.099,74.3884,75.9
1026,27,PGC 41257,16.5,187.505,13.1178,282.203,75.1207,-9.9
1027,28,LLH2012 3,16.5,187.507,12.9483,282.424,74.9611,-9.9
1028,29,NGC 477,19.45,187.509,13.6367,281.544,75.6122,148.9
1029,30,LLH2012 4,16.5,187.518,12.51,282.988,74.5485,-9.9
1030,31,PGC 41264,28.65,187.521,8.07333,287.086,70.2853,31.0
1031,32,PGC 41268,16.5,187.525,12.3772,283.167,74.4244,-9.9
1032,33,LLH2012 5,16.5,187.526,12.6883,282.804,74.7202,-9.9
1033,34,LLH2012 6,16.5,187.533,12.3889,283.179,74.4377,-9.9
1034,35,NGC 482,35.1,187.543,10.7794,284.897,72.9023,44.3
1035,36,PGC 41273,16.5,187.545,12.1956,283.441,74.2574,-9.9
1036,37,PGC 41287,16.5,187.564,12.5158,283.141,74.5679,-9.9
1037,38,PGC 41299,16.5,187.572,12.2422,283.481,74.3098,-9.9
1038,39,NGC 478,16.586,187.572,12.3286,283.385,74.3922,138.0
1039,40,PGC 41300,16.5,187.574,12.0422,283.71,74.1197,-9.9
1040,41,PGC 41304,16.5,187.576,12.5708,283.12,74.6239,-9.9
1041,42,NGC 479,18.36,187.577,13.5778,281.872,75.5784,-9.9
1042,43,LLH2012 7,16.5,187.6,12.4358,283.357,74.5024,-9.9
1043,44,PGC 41312,16.5,187.602,12.7931,282.95,74.8431,-9.9
1044,45,LLH2012 8,16.5,187.617,12.9819,282.776,75.027,-9.9
1045,46,LLH2012 9,16.5,187.627,13.0942,282.671,75.1363,-9.9
1046,47,NGC 486,15.278,187.633,12.4903,283.412,74.5643,217.9
1048,49,LLH2012 1,16.5,187.634,12.8642,282.977,74.9203,-9.9
1049,50,PGC 41329,16.5,187.639,12.9008,282.951,74.9566,-9.9
1051,52,LLH2012 2,16.5,187.646,13.1894,282.622,75.2326,-9.9
1052,53,IC 3435,18.991,187.666,15.1297,279.955,77.0654,44.8
1053,54,LLH2012 3,16.5,187.668,12.6217,283.384,74.6998,-9.9
1054,55,NGC 483,16.9,187.669,9.01556,286.807,71.2344,87.3
1055,56,IC 3437,16.5,187.691,11.3433,284.831,73.4843,33.2
1056,57,PGC 169451,16.5,187.693,12.0992,284.055,74.2087,-9.9
1057,58,PGC 41351,16.5,187.695,13.2142,282.771,75.2713,-9.9
1059,60,AGC 220704,16.9,187.702,12.045,284.144,74.1594,-9.9
1060,61,PGC 41358,16.5,187.704,13.2239,282.791,75.2832,-9.9
1062,63,PGC 41362,16.5,187.711,12.7367,283.401,74.822,-9.9
1063,64,NGC 489,15.429,187.717,16.7589,277.222,78.5905,67.9
1064,65,NGC 486,16.65,187.74,12.2703,284.031,74.3858,123.3
1066,67,PGC 41394,16.5,187.764,12.0781,284.32,74.2086,-9.9
1067,68,LLH2012 6,16.5,187.771,12.4942,283.891,74.6085,-9.9
1068,69,IC 3443,16.5,187.815,12.3317,284.225,74.466,-9.9
1069,70,IC 3445,16.5,187.831,12.7381,283.826,74.8587,-9.9
1070,71,PGC 41433,16.5,187.832,12.6117,283.972,74.7382,-9.9
1071,72,IC 3442,16.5,187.834,14.1153,282.118,76.1681,25.9
1072,73,NGC 494,13.948,187.85,25.7753,228.593,85.3161,150.0
1073,74,PGC 41479,16.5,187.934,12.6125,284.333,74.7683,-9.9
1074,75,IC 3457,16.5,187.964,12.6569,284.391,74.8193,30.7
1075,76,PGC 41495,16.5,187.967,12.4819,284.593,74.6526,-9.9
1076,77,PGC 41516,16.5,188.003,12.6203,284.571,74.7952,-9.9
1077,78,IC 3461,21.1,188.011,11.89,285.365,74.0966,20.3
1078,79,LLH2012 7,16.5,188.02,12.395,284.874,74.584,-9.9
1079,80,NGC 503,15.7,188.026,11.1764,286.099,73.4131,134.3
1080,81,PGC 41539,16.5,188.032,12.4342,284.875,74.625,-9.9
1081,82,PGC 41545,16.5,188.047,12.5069,284.851,74.6989,-9.9
1082,83,IC 3468,16.37,188.059,10.2514,287.014,72.5271,-9.9
1083,84,IC 3470,22.2,188.097,11.2631,286.258,73.5151,31.9
1084,85,IC 798,19.4,188.139,15.4153,281.444,77.4923,32.4
1085,86,PGC 41588,16.5,188.144,12.6369,285.058,74.8503,-9.9
1086,87,IC 3475,16.5,188.171,12.7711,285.009,74.9864,-9.9
1087,88,IC 3478,17.729,188.184,14.1961,283.366,76.3523,52.4
1088,89,NGC 521,39.7,188.198,63.9392,126.338,53.0656,185.8
1089,90,PGC 41640,16.5,188.23,12.635,285.369,74.8718,-9.9
1090,91,NGC 515,17.65,188.271,16.2656,280.61,78.3341,77.0
1091,92,IC 3487,18.74,188.306,9.39722,288.444,71.7547,28.9
1092,93,IC 3490,18.98,188.308,10.9286,287.252,73.2437,-9.9
1093,94,PGC 41689,16.5,188.32,12.5817,285.748,74.8444,-9.9
1094,95,IC 3492,22.82,188.332,12.8533,285.508,75.1091,-9.9
1095,96,PGC 41723,18.35,188.394,11.2619,287.253,73.5876,-9.9
1096,97,IC 3501,16.5,188.465,13.3225,285.491,75.5957,35.6
1097,98,NGC 526,15.301,188.513,7.69944,290.16,70.1389,208.9
1098,99,NGC 528,17.25,188.525,11.3214,287.645,73.6765,101.6
1099,100,IC 3506,16.286,188.528,12.7417,286.337,75.0523,-9.9
1100,101,IC 3509,17.743,188.548,12.0489,287.078,74.3874,-9.9
1101,102,IC 3510,15.3,188.562,11.0714,287.976,73.442,47.0
1102,103,IC 3519,16.5,188.66,15.6028,283.382,77.8322,26.0
1103,104,NGC 546,18.1,188.873,-3.79306,295.227,58.8399,187.9
1104,105,NGC 550,16.321,188.877,12.2208,288.094,74.6319,115.3
1105,106,PGC 41959,15.6,188.905,12.3819,288.05,74.7948,38.7
1106,107,NGC 551,17.817,188.908,12.2639,288.165,74.6807,93.5
1107,108,M89,15.673,188.916,12.5564,287.932,74.9668,224.4
1108,109,PGC 42046,18.1,189.103,10.3847,290.283,72.8864,-9.9
1109,110,NGC 564,16.229,189.112,11.4392,289.561,73.9206,154.5
1110,111,IC 3578,16.74,189.164,11.1019,289.987,73.6011,36.7
1111,112,NGC 570,16.582,189.222,7.24667,292.421,69.821,167.1
1112,113,IC 3586,16.5,189.228,12.52,289.111,75.0006,28.0
1113,114,NGC 589,30.371,189.354,74.1919,124.235,42.9008,202.2
1114,115,NGC 578,17.7,189.377,9.555,291.681,72.1218,106.7
1115,116,PGC 42205,17.6,189.528,10.0822,291.861,72.6669,-9.9
1116,117,IC 3612,14.7,189.77,14.7311,289.244,77.2732,-9.9
1117,118,IC 3631,42.8,189.95,12.9739,291.471,75.586,35.6
1118,119,NGC 596,16.8,189.983,10.1761,293.298,72.8323,125.6
1119,120,IC 3633,16.25,190.047,9.89611,293.647,72.5647,22.3
1120,121,IC 3635,15.619,190.056,12.8747,291.948,75.5068,-9.9
1121,122,PGC 42442,17.883,190.082,15.9353,289.4,78.5141,-9.9
1122,123,IC 3647,16.5,190.221,10.4753,293.942,73.1626,-9.9
1123,124,IC 3652,20.65,190.244,11.1844,293.66,73.8675,24.4
1124,125,NGC 608,19.88,190.305,10.1556,294.374,72.8573,109.6
1125,126,IC 3653,15.157,190.315,11.3872,293.805,74.0784,-9.9
1126,127,IC 804,40.7,190.317,-5.00917,298.179,57.7687,102.1
1127,128,IC 3658,16.5,190.336,14.7006,291.716,77.3519,26.7
1128,129,NGC 612,17.627,190.386,7.315,295.726,70.0482,86.1
1129,130,IC 3663,11.648,190.414,12.2475,293.696,74.9436,-9.9
1130,131,UGC 854,15.129,190.467,9.40278,295.217,72.131,31.3
1131,132,M59,15.686,190.509,11.6469,294.363,74.3621,197.7
1132,133,IC 809,15.85,190.536,11.7542,294.405,74.4718,23.8
1133,134,IC 810,15.757,190.538,12.5967,293.965,75.3065,37.0
1134,135,NGC 623,16.8,190.545,7.67694,296.07,70.4252,76.6
1135,136,NGC 638,16.706,190.697,11.4425,295.135,74.1832,136.1
1136,137,NGC 636,16.15,190.707,2.68778,297.748,65.4728,181.6
1137,138,PGC 42748,16.74,190.735,3.67667,297.616,66.4606,36.0
1138,139,IC 3693,16.9,190.742,10.6819,295.615,73.4332,-9.9
1139,140,NGC 643,25.7,190.834,1.97833,298.177,64.7752,148.3
1140,141,M60,16.633,190.917,11.5528,295.873,74.3179,267.9
1141,142,PGC 42884,16.55,191.05,12.9419,295.768,75.7129,-9.9
1142,143,NGC 660,15.57,191.133,11.1906,296.785,73.9798,183.2
1143,144,NGC 624,17.9,191.275,3.05583,299.058,65.8799,123.0
1144,145,IC 3735,15.214,191.335,13.6928,296.58,76.4893,-9.9
1145,146,IC 3773,17.417,191.814,10.2036,299.4,73.0467,-9.9
1146,147,NGC 684,19.3,191.823,-2.7275,300.853,60.1275,70.3
1147,148,IC 3779,17.233,191.836,12.1664,299.061,75.0074,-9.9
1148,149,NGC 690,40.2,191.981,-1.65611,301.109,61.2032,97.9
1149,150,NGC 694,15.302,192.063,10.9836,300.122,73.838,53.5
1155,156,MHM2009 6,45.29,192.136,-41.595,302.351,21.2735,-9.9
1157,158,NGC 697,12.311,192.15,-5.80083,301.633,57.0638,169.4
1158,159,PGC 575633,55.7,192.15,-41.4397,302.361,21.4289,-9.9
1168,169,MHM2009 7,45.29,192.177,-41.6144,302.384,21.2544,-9.9
1170,171,MHM2009 9,45.29,192.188,-41.6158,302.394,21.2531,-9.9
1171,172,,45.29,192.19,-41.5053,302.393,21.3637,-9.9
1174,175,MHM2009 3,45.29,192.197,-41.435,302.399,21.434,-9.9
1178,179,MHM2009 2,45.29,192.218,-41.4539,302.415,21.4153,-9.9
1179,180,PGC 2798844,45.3,192.219,-41.5403,302.417,21.3289,-9.9
1181,182,MHM2009 2,45.29,192.247,-41.5053,302.439,21.3641,-9.9
1182,183,,45.29,192.248,-41.5339,302.44,21.3355,-9.9
1184,185,MHM2009 5,45.29,192.256,-41.505,302.447,21.3645,-9.9
1187,188,MHM2009 4,45.29,192.261,-41.6181,302.452,21.2515,-9.9
1198,199,MHM2009 4,45.29,192.337,-41.2864,302.51,21.5836,-9.9
1199,200,PGC 2798856,45.29,192.345,-41.2553,302.516,21.6148,-9.9
1200,201,MHM2009 5,45.29,192.352,-41.2542,302.522,21.616,-9.9
1201,202,MHM2009 3,45.29,192.354,-41.3072,302.524,21.5629,-9.9
1202,203,MHM2009 1,45.29,192.383,-41.2886,302.547,21.5817,-9.9
1203,204,MHM2009 5,45.29,192.385,-41.34,302.549,21.5303,-9.9
1204,205,,45.29,192.387,-41.3233,302.551,21.547,-9.9
1205,206,,45.29,192.392,-41.3767,302.555,21.4937,-9.9
1206,207,MHM2009 9,45.29,192.4,-41.3519,302.561,21.5185,-9.9
1207,208,PGC 43374,40.775,192.407,-41.3881,302.568,21.4824,-9.9
1208,209,MHM2009 2,45.29,192.409,-41.3989,302.569,21.4716,-9.9
1209,210,NGC 710,16.8,192.412,15.1656,300.848,78.0301,104.7
1210,211,MHM2009 9,45.29,192.412,-41.2778,302.57,21.5927,-9.9
1211,212,MHM2009 1,45.29,192.414,-41.2058,302.571,21.6647,-9.9
1212,213,PGC 43379,37.7,192.417,-41.3661,302.575,21.5044,-9.9
1213,214,MHM2009 8,45.29,192.419,-41.3514,302.577,21.5191,-9.9
1214,215,MHM2009 7,45.29,192.423,-41.3097,302.579,21.5608,-9.9
1215,216,PGC 43384,45.29,192.425,-41.2294,302.58,21.6411,-9.9
1216,217,MHM2009 9,45.29,192.425,-41.3592,302.581,21.5114,-9.9
1217,218,AGC 221044,97.423,192.426,26.8919,244.31,89.5474,-9.9
1218,219,MHM2009 5,45.29,192.428,-41.2203,302.583,21.6503,-9.9
1219,220,,45.29,192.441,-41.2481,302.594,21.6226,-9.9
1220,221,MHM2009 3,45.29,192.442,-41.2989,302.594,21.5718,-9.9
1221,222,PGC 2798867,46.3,192.444,-41.3689,302.597,21.5018,-9.9
1222,223,,45.29,192.45,-41.3678,302.601,21.5029,-9.9
1223,224,PGC 2798869,45.29,192.452,-41.2386,302.603,21.6321,-9.9
1224,225,PGC 43402,38.75,192.465,-41.2261,302.613,21.6447,-9.9
1225,226,NGC 706,45.9,192.475,-41.2794,302.622,21.5914,-9.9
1226,227,PGC 576636,51.1,192.475,-41.3394,302.622,21.5314,-9.9
1227,228,MHM2009 7,45.29,192.478,-41.3169,302.624,21.5539,-9.9
1228,229,PGC 576005,37.3,192.483,-41.4011,302.629,21.4698,-9.9
1229,230,PGC 2798871,50.0,192.484,-41.3897,302.629,21.4811,-9.9
1230,231,MHM2009 9,45.29,192.484,-41.2822,302.628,21.5886,-9.9
1231,232,PGC 43412,44.5,192.485,-41.2603,302.629,21.6106,-9.9
1232,233,NGC 715,18.5,192.491,27.8225,148.048,89.2327,-9.9
1233,234,MHM2009 9,45.29,192.491,-41.3231,302.635,21.5478,-9.9
1234,235,MHM2009 4,45.29,192.492,-41.2533,302.634,21.6176,-9.9
1235,236,MHM2009 3,45.29,192.498,-41.3378,302.64,21.5332,-9.9
1236,237,MHM2009 3,45.29,192.504,-41.3189,302.645,21.5521,-9.9
1237,238,MHM2009 2,45.29,192.504,-41.3592,302.645,21.5118,-9.9
1238,239,MHM2009 4,45.29,192.51,-41.2133,302.649,21.6576,-9.9
1239,240,,45.29,192.511,-41.3306,302.651,21.5404,-9.9
1240,241,MHM2009 8,45.29,192.516,-41.1936,302.654,21.6774,-9.9
1241,242,NGC 709,39.507,192.516,-41.3819,302.655,21.4891,-9.9
1242,243,MHM2009 7,45.29,192.521,-41.2108,302.658,21.6602,-9.9
1243,244,MHM2009 5,45.29,192.527,-41.2278,302.663,21.6433,-9.9
1244,245,PGC 43427,45.29,192.532,-41.3981,302.668,21.473,-9.9
1245,246,AGC 221739,97.423,192.556,26.7761,265.316,89.5559,-9.9
1246,247,PGC 43436,16.74,192.56,10.54,301.901,73.4093,48.3
1247,248,AGC 221741,97.423,192.611,26.7089,275.012,89.5256,-9.9
1248,249,AGC 221057,94.333,192.725,27.8419,132.391,89.2764,-9.9
1249,250,AGC 221585,38.93,192.773,27.805,129.356,89.3189,-9.9
1250,251,NGC 733,16.1,192.778,10.9119,302.647,73.7835,52.1
1251,252,NGC 742,15.042,192.95,-10.4547,303.078,52.4169,93.3
1252,253,NGC 754,17.333,193.073,11.3139,303.7,74.1844,160.0
1253,254,NGC 753,17.61,193.092,-1.19972,303.422,61.6711,174.2
1254,255,AGC 221742,97.423,193.171,26.3658,323.063,89.1883,-9.9
1255,256,IC 831,97.423,193.184,26.4703,326.75,89.2812,-9.9
1256,257,NGC 762,20.517,193.233,11.2308,304.27,74.0987,133.7
1257,258,AGC 221744,97.423,193.263,26.4767,331.95,89.2555,-9.9
1258,259,IC 832,97.423,193.496,26.4442,342.801,89.1106,175.3
1259,260,NGC 787,97.423,193.523,27.0686,27.3168,89.4064,-9.9
1260,261,NGC 789,98.875,193.579,27.0681,27.7283,89.3565,-9.9
1261,262,NGC 798,95.55,193.73,27.4128,53.3202,89.1756,169.0
1262,263,NGC 807,94.4,193.871,27.5214,56.7864,89.0189,227.0
1263,264,AGC 221118,97.423,193.885,27.525,56.6984,89.0063,-9.9
1264,265,NGC 803,39.4,193.89,8.24028,306.081,71.0868,105.4
1265,266,IC 3900,97.423,193.922,27.2508,40.5639,89.0469,-9.9
1266,267,AGC 221746,97.423,193.989,27.905,70.9774,88.7323,-9.9
1267,268,AGC 221123,97.423,194.025,27.6781,61.1746,88.8279,-9.9
1268,269,AGC 221124,97.423,194.027,27.6481,59.8363,88.8406,-9.9
1269,270,AGC 221747,90.901,194.037,26.3167,355.534,88.6718,-9.9
1270,271,NGC 816,3.7,194.05,27.7456,63.4913,88.776,231.1
1271,272,AGC 221748,97.423,194.061,27.5064,52.7144,88.8676,-9.9
1272,273,AGC 221749,97.423,194.07,27.4461,49.6743,88.8786,-9.9
1273,274,IC 834,97.423,194.077,26.3589,357.935,88.6677,-9.9
1274,275,AGC 221128,97.423,194.082,27.7511,63.0615,88.7486,-9.9
1275,276,AGC 221750,97.423,194.11,27.7272,61.5796,88.7391,-9.9
1276,277,AGC 221134,97.423,194.111,27.8306,65.5372,88.6863,-9.9
1277,278,NGC 821,97.423,194.121,26.9569,24.552,88.8632,169.0
1278,279,NGC 817,97.423,194.124,27.94,69.1215,88.6156,-9.9
1279,280,AGC 221751,97.423,194.133,27.0556,29.5544,88.8636,-9.9
1280,281,AGC 221135,97.423,194.142,27.5389,53.0388,88.7885,84.0
1281,282,AGC 221753,97.423,194.144,27.2275,38.1884,88.8529,44.0
1282,283,NGC 827,16.5,194.181,27.1786,35.6853,88.8228,290.0
1283,284,AGC 221145,97.423,194.199,27.4211,47.0557,88.7738,-9.9
1284,285,AGC 221147,5.0,194.207,27.0939,31.5976,88.8003,-9.9
1285,286,AGC 221151,97.423,194.213,26.8989,22.4696,88.7726,-9.9
1286,287,AGC 221154,97.423,194.236,28.6233,84.114,88.0725,-9.9
1287,288,AGC 221155,97.423,194.252,29.0539,90.7118,87.7157,-9.9
1288,289,AGC 221752,97.423,194.257,27.3722,44.3603,88.7338,-9.9
1289,290,AGC 221158,97.423,194.268,27.5258,50.8818,88.6871,42.0
1290,291,AGC 221158,97.423,194.268,27.5258,50.8818,88.6871,-9.9
1291,292,AGC 221164,97.423,194.289,27.4664,48.1628,88.6853,-9.9
1292,293,Canes_Venatici_,0.152,194.292,34.3208,113.579,82.7031,3.7
1293,294,AGC 221162,97.423,194.295,27.405,45.5005,88.6947,-9.9
1294,295,UGC 069,9.0,194.297,29.045,89.7677,87.7015,-9.9
1295,296,AGC 221167,97.423,194.324,27.8108,60.9787,88.5321,-9.9
1296,297,AGC 221168,97.423,194.34,27.8803,63.0639,88.4864,-9.9
1297,298,NGC 839,97.423,194.351,27.4978,48.8513,88.624,245.0
1298,299,AGC 221172,97.423,194.357,27.5461,50.7077,88.6052,-9.9
1299,300,UGC 071,97.423,194.375,28.1881,71.5733,88.2897,-9.9
1300,301,NGC 841,90.6,194.383,28.4769,78.3087,88.0935,-9.9
1301,302,NGC 840,97.423,194.387,27.6103,52.8478,88.5607,216.6
1302,303,NGC 841,97.267,194.391,28.4822,78.2669,88.0846,-9.9
1303,304,NGC 842,97.423,194.399,27.4933,48.226,88.5841,207.0
1304,305,AGC 221181,97.423,194.429,26.8525,22.1362,88.5744,-9.9
1305,306,AGC 221757,97.423,194.446,29.1494,88.616,87.542,-9.9
1306,307,AGC 221185,97.423,194.447,27.8333,59.8892,88.4249,-9.9
1307,308,AGC 221186,97.423,194.45,27.8831,61.44,88.3997,-9.9
1308,309,AGC 221188,97.423,194.452,28.1806,70.0137,88.2398,-9.9
1309,310,AGC 221190,97.423,194.461,27.8794,61.1731,88.3932,-9.9
1310,311,AGC 221193,97.423,194.475,28.4997,77.1392,88.0198,-9.9
1311,312,UGC 080,97.423,194.51,26.8594,22.9493,88.5049,-9.9
1312,313,AGC 221200,97.423,194.513,26.9161,25.1145,88.5115,-9.9
1313,314,AGC 221203,97.423,194.515,27.815,58.3757,88.3789,-9.9
1314,315,AGC 221758,97.423,194.547,27.94,61.7917,88.2973,-9.9
1315,316,NGC 849,98.65,194.553,26.3969,7.50395,88.3204,215.0
1316,317,AGC 221208,97.423,194.555,28.9481,83.8881,87.6437,-9.9
1317,318,AGC 221210,97.423,194.557,28.1825,68.3521,88.1633,-9.9
1318,319,IC 839,97.423,194.562,28.1258,66.7953,88.1912,-9.9
1319,320,GMP 1,97.423,194.564,27.4647,45.8476,88.4486,22.0
1320,321,AGC 221216,97.423,194.576,29.1281,86.2111,87.492,140.0
1321,322,PGC 44433,40.1,194.578,13.3914,309.943,76.1695,122.2
1322,323,,97.423,194.585,27.4294,44.4351,88.4367,38.0
1323,324,NGC 850,97.423,194.591,27.9678,62.0045,88.2504,155.8
1324,325,AGC 221223,97.423,194.618,27.5594,48.7638,88.3793,-9.9
1325,326,AGC 221226,97.423,194.626,28.0147,62.8554,88.2008,-9.9
1326,327,GMP 5,97.423,194.632,27.395,42.9476,88.4022,7.0
1327,328,AGC 221230,97.423,194.633,28.0497,63.7216,88.1781,-9.9
1328,329,NGC 853,97.423,194.647,27.5964,49.7742,88.3452,-9.9
1329,330,IC 3943,97.423,194.651,28.1136,65.1716,88.1315,-9.9
1330,331,AGC 221235,97.423,194.655,27.1761,35.057,88.4013,42.0
1331,332,AGC 221238,97.423,194.66,27.5442,47.9203,88.3474,-9.9
1332,333,PGC 126815,97.423,194.69,27.7539,54.4185,88.2595,26.0
1333,334,NGC 854,13.7,194.697,27.6747,51.8684,88.2792,-9.9
1334,335,IC 3946,97.423,194.703,27.8103,55.9907,88.2279,-9.9
1335,336,AGC 221247,97.423,194.711,28.0839,63.5736,88.1011,-9.9
1336,337,IC 3947,97.423,194.717,27.785,55.0819,88.2256,-9.9
1337,338,AGC 221252,94.4,194.73,27.9647,60.1269,88.1426,161.0
1338,339,AGC 221256,3.0,194.75,27.9675,59.9585,88.1252,83.0
1339,340,NGC 859,97.423,194.757,26.8156,22.8901,88.2798,233.0
1340,341,AGC 221257,97.423,194.757,28.2253,66.5008,87.9929,-9.9
1341,342,NGC 860,97.267,194.766,28.1236,63.8773,88.0392,280.5
1343,344,PGC 93696,97.423,194.77,28.0503,61.9411,88.072,58.0
1344,345,IC 3955,3.0,194.775,27.9967,60.4578,88.0927,153.0
1345,346,IC 3957,97.267,194.781,27.7678,53.9287,88.1786,149.0
1347,348,IC 3959,97.267,194.784,27.7842,54.3829,88.1705,226.1
1348,349,GMP 7,97.423,194.789,28.0408,61.4592,88.0615,77.0
1349,350,PGC 126800,97.423,194.798,28.0092,60.5202,88.0691,64.0
1351,352,IC 3963,97.423,194.806,27.7747,53.895,88.1555,130.3
1352,353,AGC 221276,97.423,194.808,28.0761,62.1453,88.0303,46.0
1354,355,NGC 865,66.197,194.833,28.0844,62.0555,88.0069,249.7
1358,359,AGC 221289,97.423,194.854,27.7389,52.4235,88.1277,-9.9
1363,364,GMP 8,97.423,194.869,28.0192,59.9695,88.0086,26.0
1364,365,AGC 221295,97.423,194.87,28.0406,60.5101,87.9984,-9.9
1367,368,GMP 6,97.423,194.876,28.0208,59.9335,88.0022,36.0
1368,369,AGC 221299,97.423,194.877,27.7914,53.7164,88.0905,-9.9
1370,371,AGC 221302,97.423,194.881,28.0467,60.5389,87.9868,-9.9
1375,376,GMP 2,97.423,194.904,28.0186,59.565,87.9807,31.0
1378,379,PGC 44635,97.423,194.908,28.0011,59.0711,87.9849,40.0
1383,384,GMP 3,97.423,194.926,28.0331,59.6931,87.9569,22.0
1384,385,AGC 221329,94.4,194.932,27.9947,58.6563,87.9686,139.0
1385,386,GMP 9,97.423,194.934,28.0131,59.1065,87.9595,30.0
1389,390,IC 3998,97.423,194.945,27.9739,57.9883,87.9668,143.0
1390,391,GMP 6,97.423,194.945,27.9919,58.447,87.9591,38.0
1391,392,AGC 221335,97.423,194.946,27.7103,50.8538,88.0584,-9.9
1392,393,GMP 6,97.423,194.952,27.9828,58.1401,87.9571,38.0
1393,394,GMP 1,97.423,194.955,27.9761,57.9483,87.9582,59.0
1396,397,GMP 9,97.423,194.965,27.9931,58.2792,87.9432,37.0
1397,398,GMP 8,97.423,194.975,27.9706,57.6063,87.9443,33.0
1398,399,AGC 221343,94.4,194.98,28.1283,61.4524,87.8721,-9.9
1399,400,PGC 126776,97.423,194.982,27.9178,56.1745,87.9588,9.0
1400,401,NGC 883,97.423,194.983,28.0347,59.133,87.9107,157.9
1401,402,PGC 44675,97.423,194.986,27.93,56.4558,87.9511,106.0
1402,403,NGC 881,97.423,194.99,28.2475,64.1032,87.8065,-9.9
1403,404,PGC 44692,97.423,194.998,27.9406,56.613,87.9372,170.0
1404,405,PGC 44693,97.423,195.004,27.9456,56.6817,87.9301,59.0
1405,406,GMP 8,97.423,195.004,27.9917,57.8488,87.9119,38.0
1406,407,NGC 886,94.4,195.018,27.9875,57.6062,87.9021,150.0
1407,408,PGC 44707,97.423,195.022,28.0244,58.4824,87.8837,60.0
1408,409,PGC 44710,97.423,195.026,27.6853,49.5786,87.9974,-9.9
1409,410,AGC 221357,97.423,195.026,27.7758,52.0424,87.9711,-9.9
1410,411,IC 4011,94.4,195.027,28.0042,57.9403,87.8886,126.0
1411,412,IC 4012,94.4,195.03,27.9308,56.0698,87.915,185.0
1412,413,NGC 889,97.681,195.034,27.9769,57.1944,87.8938,343.7
1413,414,NGC 895,94.4,195.038,28.1703,61.8033,87.807,149.0
1414,415,AGC 221367,97.423,195.043,27.595,46.9631,88.0051,-9.9
1415,416,GMP 9,97.423,195.046,28.0653,59.2395,87.8474,44.0
1416,417,GMP 7,97.423,195.047,27.91,55.3778,87.908,29.0
1417,418,AGC 221372,97.423,195.053,28.0756,59.415,87.8374,123.0
1418,419,IC 4021,97.267,195.061,28.0414,58.5146,87.8455,168.0
1419,420,NGC 894,65.268,195.069,27.9675,56.6329,87.869,-9.9
1420,421,GMP 8,97.423,195.07,27.9044,55.0362,87.8912,69.0
1421,422,PGC 44740,97.423,195.071,28.0639,58.9619,87.8284,129.0
1422,423,GMP 9,97.423,195.073,27.9875,57.0848,87.8575,45.0
1423,424,NGC 898,97.423,195.074,27.9553,56.2837,87.8696,-9.9
1424,425,NGC 895,16.5,195.075,28.2022,62.1402,87.7635,207.2
1425,426,NGC 898,97.423,195.075,27.9567,56.3032,87.8677,-9.9
1426,427,GMP 4,97.423,195.077,28.0972,59.6911,87.8091,64.0
1427,428,,97.423,195.078,27.9203,55.371,87.8793,63.0
1428,429,PGC 44741,97.423,195.078,27.9369,55.7854,87.8728,57.0
1429,430,AGC 221385,97.423,195.08,27.5536,45.6119,87.9826,-9.9
1430,431,GMP 5,97.423,195.084,27.9939,57.1411,87.8462,27.0
1431,432,PGC 126758,97.423,195.09,27.8986,54.7177,87.8767,35.0
1432,433,IC 4026,97.423,195.092,28.0469,58.3502,87.8184,58.3
1433,434,GMP 8,97.423,195.094,27.9653,56.3477,87.8492,30.0
1434,435,PGC 126756,97.423,195.103,27.9267,55.3109,87.856,41.0
1435,436,GMP 6,97.423,195.109,28.0089,57.2791,87.8204,37.0
1436,437,AGC 221390,97.423,195.112,27.5156,44.4022,87.962,-9.9
1437,438,GMP 5,97.423,195.116,27.9878,56.6999,87.8225,45.0
1438,439,IC 4030,97.423,195.117,27.9561,55.9232,87.8342,144.0
1439,440,IC 4033,97.423,195.118,27.9725,56.3095,87.8267,-9.9
1440,441,NGC 896,94.0,195.128,28.3461,64.6913,87.6515,209.1
1441,442,AGC 221398,97.423,195.135,27.7661,50.9809,87.882,-9.9
1442,443,GMP 5,97.423,195.139,27.9803,56.3185,87.807,36.0
1443,444,GMP 1,97.423,195.143,27.9347,55.1701,87.8202,53.0
1444,445,GMP 5,97.423,195.147,27.9428,55.3322,87.8138,30.0
1445,446,AGC 221403,97.423,195.148,28.1461,60.1151,87.7312,-9.9
1446,447,GMP 1,97.423,195.152,27.9311,55.0051,87.8139,17.0
1447,448,GMP 3,97.423,195.155,27.9114,54.4972,87.8185,25.0
1448,449,AGC 221404,97.423,195.161,28.0144,56.9384,87.7755,-9.9
1449,450,NGC 906,97.267,195.166,27.9239,54.7188,87.8055,177.0
1450,451,IC 4041,97.423,195.17,27.9967,56.439,87.7753,124.0
1451,452,GMP 9,97.423,195.172,28.045,57.5652,87.755,42.0
1452,453,IC 4042,19.667,195.178,27.9631,55.5641,87.781,127.0
1453,454,IC 4042,97.423,195.178,27.9714,55.764,87.778,176.0
1454,455,AGC 221415,97.423,195.184,28.3372,63.9054,87.6136,-9.9
1455,456,AGC 221416,97.423,195.186,28.1006,58.7203,87.7209,94.0
1456,457,IC 4045,94.4,195.202,28.0908,58.3452,87.7116,167.3
1457,458,IC 4051,97.423,195.215,28.0428,57.1334,87.7211,258.7
1458,459,AGC 221422,97.423,195.217,28.3658,64.1505,87.5742,204.0
1459,460,NGC 908,97.423,195.227,28.0075,56.2105,87.7249,192.4
1460,461,AGC 221429,97.423,195.247,27.8997,53.5015,87.7467,-9.9
1461,462,AGC 221433,97.423,195.287,28.3597,63.3089,87.5234,-9.9
1462,463,AGC 221434,97.423,195.288,27.8183,51.2464,87.7373,-9.9
1463,464,AGC 221435,97.423,195.295,27.8028,50.8287,87.7366,-9.9
1464,465,NGC 919,97.423,195.323,27.8092,50.7982,87.7104,167.0
1465,466,AGC 221438,97.423,195.345,28.1961,59.382,87.5533,-9.9
1466,467,NGC 923,94.4,195.382,27.8475,51.3264,87.6491,186.0
1467,468,IC 843,97.423,195.39,29.1306,75.4222,87.002,208.9
1468,469,AGC 221599,97.423,195.433,28.9994,73.0155,87.0574,-9.9
1469,470,AGC 221449,97.423,195.446,28.095,56.3991,87.5127,160.4
1470,471,AGC 221450,97.423,195.452,27.6039,45.1995,87.6493,-9.9
1471,472,AGC 221453,97.423,195.459,27.8936,51.8924,87.5706,-9.9
1472,473,NGC 926,10.133,195.474,27.6244,45.5958,87.6261,273.3
1473,474,NGC 927,97.423,195.49,28.0058,54.1606,87.5085,-9.9
1474,475,AGC 221460,12.0,195.517,29.2533,75.7643,86.8373,-9.9
1475,476,AGC 221463,97.423,195.536,28.3872,61.5445,87.3179,-9.9
1476,477,AGC 221470,97.423,195.59,28.2308,58.0771,87.3429,-9.9
1477,478,AGC 221471,97.423,195.59,28.2561,58.5705,87.3322,-9.9
1478,479,AGC 230007,97.423,195.645,27.9492,51.9599,87.3977,-9.9
1479,480,AGC 230012,97.423,195.67,28.3714,60.1371,87.2195,-9.9
1480,481,NGC 929,18.5,195.685,28.0453,53.6941,87.3332,-9.9
1481,482,IC 4111,97.423,195.736,28.0703,53.8765,87.2826,-9.9
1482,483,NGC 931,97.423,195.754,28.0325,53.0147,87.28,213.0
1483,484,AGC 230030,97.423,195.79,28.5836,62.9307,87.0281,-9.9
1484,485,NGC 934,97.423,195.817,28.0303,52.5977,87.2274,-9.9
1485,486,NGC 943,97.423,195.937,28.0842,52.9566,87.1102,-9.9
1486,487,IC 4133,97.423,195.962,27.9883,51.0117,87.1185,-9.9
1487,488,NGC 944,97.423,195.975,28.1986,54.8514,87.0404,203.0
1488,489,AGC 231125,97.423,196.033,27.965,50.2235,87.0647,-9.9
1489,490,AGC 230046,97.423,196.042,28.2481,55.3366,86.9677,-9.9
1490,491,AGC 231126,97.423,196.054,28.1936,54.3027,86.977,-9.9
1491,492,NGC 952,0.65,196.243,29.1222,67.4699,86.4112,228.0
1492,493,AGC 231127,97.423,196.285,27.5128,40.9171,86.9325,-9.9
1493,494,NGC 957,2.2,196.302,27.5697,41.9366,86.911,208.4
1494,495,AGC 230071,97.423,196.523,28.5931,58.116,86.4456,-9.9
1495,496,AGC 231130,97.423,196.655,28.3375,53.6045,86.4297,-9.9
1496,497,NGC 971,97.423,196.729,28.5481,56.3643,86.2959,-9.9
1497,498,NGC 004,1.65,197.756,29.6367,64.2895,85.0156,-9.9
1498,499,PGC 83808,33.859,198.484,-16.2733,310.753,46.2565,49.0
1499,500,PGC 83851,27.282,198.767,-16.3944,311.119,46.1013,57.0
1500,501,PGC 83855,38.155,198.794,-16.2389,311.185,46.2521,87.0
1501,502,PGC 83905,36.31,199.203,-16.3444,311.726,46.0936,56.0
1502,503,NGC 103,23.4,200.125,43.0839,104.525,72.9903,111.2
1503,504,Canes_Venatici_,0.215,202.015,33.5558,74.3057,79.8229,6.6
1504,505,NGC 173,38.0,202.105,46.5917,104.805,69.2134,96.8
1505,506,NGC 198,43.42,202.547,46.6708,104.12,69.0165,169.0
1507,508,NGC 273,15.96,205.535,35.6542,74.3502,76.246,66.7
1508,509,NGC 308,29.12,206.752,60.9731,111.249,54.8769,206.5
1509,510,NGC 322,27.082,207.314,60.1906,110.279,55.4947,224.4
1510,511,NGC 342,40.05,207.857,59.8639,109.607,55.6853,154.5
1511,512,NGC 353,33.767,208.361,40.2831,82.6108,71.6335,281.2
1512,513,NGC 355,37.65,208.44,40.3386,82.6196,71.552,87.7
1513,514,NGC 358,38.0,208.502,40.2772,82.375,71.5563,86.7
1514,515,NGC 379,21.9,208.893,59.7428,108.68,55.5755,90.4
1515,516,UGC 876,33.9,209.242,45.9733,92.664,67.1145,127.4
1516,517,Bootes_III,0.049,209.3,26.8,35.4052,75.3535,2.4
1517,518,Bootes_II,0.052,209.5,12.85,353.694,68.8709,3.4
1518,519,Bootes_I,0.062,210.025,14.5,358.082,69.6241,9.1
1519,520,NGC 422,28.1,210.175,55.1644,103.497,59.2729,157.4
1520,521,NGC 473,33.4,211.18,54.8925,102.26,59.1964,180.7
1521,522,NGC 475,28.6,211.302,55.7419,103.037,58.4451,115.1
1522,523,NGC 481,30.817,211.672,50.7233,96.7761,62.4117,121.6
1523,524,NGC 485,27.94,211.797,55.0017,101.803,58.9095,167.1
1524,525,PGC 50395,37.2,211.914,54.7947,101.47,59.043,81.1
1525,526,NGC 500,31.7,212.563,48.5461,92.6889,63.6945,83.9
1526,527,NGC 493,38.9,212.872,-5.04361,336.952,52.4593,197.7
1528,529,NGC 557,40.7,214.607,36.4936,65.3028,69.3491,202.3
1529,530,NGC 582,29.989,215.18,39.6936,72.7741,67.6291,147.9
1530,531,NGC 574,23.95,215.233,3.23806,348.644,57.9334,80.7
1531,532,NGC 576,23.93,215.265,3.27111,348.73,57.9384,155.2
1532,533,NGC 611,25.2,216.02,33.0475,55.0412,69.1548,137.4
1533,534,NGC 631,29.775,216.639,56.5825,99.5273,56.0103,150.0
1534,535,PGC 51753,38.3,217.31,44.6989,81.2951,63.7162,88.9
1535,536,NGC 638,24.84,217.418,3.23333,351.685,56.502,144.5
1536,537,IC 1024,24.2,217.863,3.00917,352.007,56.0374,78.0
1537,538,NGC 687,35.3,218.718,54.4758,95.3879,56.7679,164.4
1538,539,UGC 519,27.6,221.588,34.3706,56.4183,64.369,100.2
1539,540,NGC 770,22.4,223.312,3.95972,359.747,52.8319,80.4
1540,541,NGC 813,30.15,225.297,1.70194,359.182,49.8486,210.9
1541,542,NGC 831,28.14,226.029,1.22,359.388,48.9824,143.9
1542,543,NGC 838,26.967,226.359,2.09944,0.728681,49.3196,223.9
1543,544,NGC 839,28.967,226.365,1.63472,0.200209,49.0088,125.3
1544,545,NGC 845,26.167,226.503,1.63389,0.339073,48.9043,227.5
1545,546,NGC 846,28.5,226.622,1.595,0.413527,48.7898,169.8
1546,547,NGC 846,27.138,226.622,1.60556,0.425974,48.7965,223.4
1547,548,NGC 866,13.023,226.623,55.7633,92.0342,52.4892,157.0
1548,549,NGC 854,23.467,226.949,2.56861,1.862,49.1787,104.7
1549,550,Ursa_Minor,0.073,227.285,67.2225,104.965,44.8004,9.2
1550,551,NGC 864,24.233,227.39,3.05278,2.86198,49.1514,108.4
1551,552,NGC 869,29.833,227.456,0.47,359.98,47.4197,167.5
1552,553,PGC 54452,29.5,228.894,2.24833,3.36081,47.4793,63.5
1553,554,NGC 010,21.6,238.58,0.543056,9.52505,38.73,159.2
1554,555,NGC 014,35.8,238.989,5.93194,15.7045,41.3463,88.3
1555,556,NGC 017,29.8,239.314,5.99833,16.0027,41.1042,112.5
1556,557,PGC 56772,39.5,240.548,7.08611,18.0646,40.6001,85.5
1557,558,KKR25,1.954,243.45,54.3711,83.879,44.4086,-9.9
1558,559,PGC 58114,23.8,246.518,2.90667,17.3235,33.3566,100.9
1559,560,NGC 149,37.2,246.851,19.5972,36.3832,40.2303,105.0
1560,561,Hercules,0.136,247.758,12.7917,28.728,36.8713,11.7
1561,562,NGC 278,39.15,255.21,23.0111,43.5695,33.9452,197.2
1562,563,Draco,0.083,260.052,57.9153,86.3678,34.7217,9.5
1563,564,NGC 411,48.917,263.887,60.8133,89.7306,32.6288,150.1
1564,565,NGC 547,40.8,271.292,25.2325,51.4412,20.8438,180.7
1565,566,NGC 548,64.56,271.456,18.5381,44.9279,18.168,142.2
1566,567,PGC 61468,36.2,272.36,19.1178,45.8436,17.6119,76.6
1567,568,NGC 703,28.709,281.828,45.5506,74.8937,19.6777,150.7
1568,569,Sagittarius_dSp,0.028,283.831,-30.5453,5.56892,-14.1664,3.9
1569,570,NGC 798,37.5,291.013,53.6247,85.0613,16.9941,130.0
1570,571,NGC 909,34.36,306.912,-47.0269,352.814,-35.5134,143.8
1571,572,Aquarius,2.463,311.716,-12.8481,34.0491,-31.3432,15.8
1572,573,NGC 280,23.06,336.615,16.1483,79.5428,-34.2383,105.7
1573,574,Andromeda_XXVII,0.65,338.172,31.2161,91.0312,-22.9254,-9.9
1574,575,NGC 332,15.89,339.352,23.7983,87.3888,-29.669,125.0
1575,576,Tucana,0.889,340.457,-64.4194,322.908,-47.3694,7.9
1577,578,Pisces_II,0.182,344.629,5.9525,79.2063,-47.1058,7.6
1578,579,NGC 457,12.883,345.25,30.145,96.2178,-26.9358,74.6
1579,580,NGC 454,23.333,345.277,16.3883,88.1197,-38.9126,114.3
1580,581,NGC 465,27.2,345.504,15.9647,88.0691,-39.3874,95.7
1581,582,NGC 507,22.5,348.032,-28.5397,23.4428,-68.0383,222.6
1582,583,AGC 330144,71.05,348.7,7.71833,85.6016,-48.025,87.0
1583,584,UGC 454,54.761,348.781,9.67278,87.243,-46.4175,159.0
1584,585,NGC 557,54.761,348.916,6.70833,85.0374,-48.9874,74.0
1585,586,NGC 562,47.9,348.99,6.6875,85.1132,-49.0451,243.0
1586,587,NGC 569,91.704,349.185,8.90556,87.1479,-47.2798,-9.9
1587,588,NGC 611,42.65,349.902,8.06333,87.3891,-48.3689,201.0
1588,589,UGC 510,54.761,349.914,8.265,87.5614,-48.2026,-9.9
1589,590,NGC 612,43.8,349.934,8.57639,87.8292,-47.947,180.0
1590,591,AGC 330238,54.761,349.979,8.56056,87.8733,-47.9833,109.0
1591,592,NGC 617,44.7,350.037,8.16583,87.6412,-48.351,114.0
1592,593,NGC 619,53.335,350.06,8.20611,87.7018,-48.3284,307.0
1593,594,AGC 331645,87.113,350.094,7.5375,87.2176,-48.9164,-9.9
1594,595,NGC 621,54.761,350.102,8.36639,87.88,-48.2128,67.0
1595,596,NGC 623,50.25,350.125,8.39583,87.9314,-48.1991,181.0
1598,599,AGC 330258,54.761,350.257,7.91472,87.7246,-48.6783,-9.9
1599,600,AGC 330266,54.761,350.305,7.36639,87.3523,-49.1713,169.0
1600,601,NGC 634,52.033,350.424,8.88694,88.687,-47.9281,180.0
1601,602,NGC 648,38.85,350.975,9.6675,89.967,-47.5233,66.0
1603,604,AGC 330476,30.4,352.121,19.8639,97.5986,-38.8928,95.3
1604,605,Pegasus_dIrr,2.242,352.151,14.7431,94.7764,-43.554,9.7
1605,606,AGC 330499,30.141,352.515,26.0111,100.962,-33.3652,177.0
1606,607,NGC 693,35.4,353.294,-1.29194,83.6614,-58.0669,57.9
1607,608,AGC 331209,30.141,353.631,27.1247,102.551,-32.6848,-9.9
1608,609,AGC 330553,30.141,353.661,26.7233,102.414,-33.0705,192.0
1609,610,AGC 331210,30.141,353.666,27.3308,102.671,-32.5025,-9.9
1610,611,AGC 331222,30.141,353.929,26.5547,102.613,-33.3118,-9.9
1611,612,NGC 710,34.0,353.942,-2.88083,82.9463,-59.7426,90.6
1612,613,AGC 331223,30.141,353.943,26.6053,102.648,-33.2687,153.0
1613,614,AGC 331231,30.141,354.108,27.3983,103.136,-32.5739,168.0
1614,615,AGC 331233,30.141,354.127,26.3911,102.745,-33.5264,174.0
1615,616,AGC 330574,30.141,354.162,26.9094,102.991,-33.0498,-9.9
1616,617,AGC 330575,30.141,354.162,27.3064,103.152,-32.6764,-9.9
1617,618,AGC 330590,30.141,354.289,26.9672,103.142,-33.034,-9.9
1618,619,AGC 330594,30.141,354.333,27.1475,103.258,-32.8774,-9.9
1619,620,AGC 330595,30.141,354.334,26.8781,103.151,-33.1313,202.0
1620,621,AGC 330600,30.141,354.358,27.0717,103.253,-32.9563,120.0
1621,622,AGC 330602,30.141,354.365,26.6328,103.084,-33.3717,136.0
1622,623,AGC 330604,30.141,354.381,26.8369,103.182,-33.1843,168.0
1623,624,AGC 330614,30.141,354.437,26.505,103.105,-33.5138,163.0
1624,625,AGC 330615,30.141,354.444,26.9808,103.303,-33.0677,-9.9
1625,626,AGC 330621,30.141,354.48,27.1006,103.387,-32.9657,-9.9
1626,627,AGC 330624,31.0,354.491,27.2644,103.462,-32.8143,172.0
1628,629,AGC 331239,30.141,354.552,26.4944,103.216,-33.5582,180.0
1629,630,AGC 330643,30.141,354.557,27.4144,103.587,-32.6923,201.0
1631,632,AGC 330647,30.141,354.566,26.8175,103.36,-33.258,180.0
1632,633,AGC 330649,31.0,354.577,26.8869,103.399,-33.1958,229.0
1635,636,AGC 330652,30.141,354.587,27.3042,103.574,-32.8053,-9.9
1636,637,AGC 330653,31.0,354.595,27.1578,103.525,-32.9459,188.0
1639,640,AGC 330662,30.141,354.619,26.8186,103.414,-33.2728,-9.9
1648,649,AGC 330679,30.141,354.674,27.2153,103.626,-32.9147,104.0
1651,652,AGC 330686,43.5,354.682,27.2153,103.634,-32.9171,237.0
1652,653,AGC 330687,30.141,354.684,26.8508,103.492,-33.2617,220.0
1653,654,AGC 330688,30.141,354.692,27.1725,103.628,-32.9606,-9.9
1654,655,AGC 330691,30.141,354.705,27.1231,103.621,-33.011,-9.9
1655,656,AGC 330696,31.0,354.711,27.2678,103.683,-32.8761,262.0
1659,660,AGC 330700,30.141,354.734,27.1617,103.665,-32.9831,-9.9
1660,661,AGC 330702,30.141,354.745,27.2553,103.712,-32.8978,-9.9
1661,662,AGC 330703,30.141,354.756,26.9586,103.607,-33.1813,-9.9
1662,663,AGC 330704,30.141,354.756,27.3,103.741,-32.859,-9.9
1663,664,AGC 331246,30.141,354.757,26.5656,103.452,-33.5523,-9.9
1664,665,AGC 330706,30.141,354.761,27.1028,103.669,-33.0466,236.0
1665,666,AGC 330711,30.141,354.779,27.2058,103.727,-32.9546,-9.9
1666,667,AGC 331466,30.141,354.786,27.4061,103.812,-32.7674,-9.9
1667,668,AGC 331248,30.141,354.806,27.5486,103.888,-32.6386,203.0
1668,669,AGC 330730,30.141,354.836,26.7528,103.606,-33.399,-9.9
1669,670,AGC 330731,30.141,354.868,27.2972,103.852,-32.8943,-9.9
1670,671,AGC 330735,30.141,354.891,27.3311,103.888,-32.8689,-9.9
1671,672,AGC 330741,31.0,354.956,27.3761,103.97,-32.8451,188.0
1672,673,AGC 331481,30.141,354.98,26.6744,103.72,-33.5152,-9.9
1673,674,AGC 330744,30.141,354.994,26.8342,103.798,-33.3685,212.0
1678,679,AGC 330754,31.0,355.079,27.5617,104.165,-32.7051,233.0
1680,681,AGC 331256,59.38,355.118,27.1089,104.029,-33.1446,-9.9
1681,682,AGC 331259,62.507,355.138,26.8558,103.952,-33.3899,-9.9
1682,683,AGC 331260,30.141,355.14,27.2422,104.103,-33.0248,202.0
1684,685,AGC 330761,61.2,355.177,27.1781,104.116,-33.0962,-9.9
1685,686,AGC 331262,30.141,355.18,27.1294,104.1,-33.1431,-9.9
1686,687,AGC 331487,30.141,355.19,27.6706,104.317,-32.6335,-9.9
1687,688,UGC 733,51.333,355.195,26.8353,104.001,-33.4258,233.0
1688,689,AGC 331489,30.141,355.195,27.5389,104.272,-32.7597,-9.9
1689,690,AGC 331265,30.141,355.21,26.8308,104.015,-33.4344,-9.9
1690,691,AGC 331268,30.141,355.22,27.2494,104.186,-33.0408,-9.9
1691,692,AGC 331491,30.141,355.22,27.2119,104.172,-33.0764,-9.9
1692,693,AGC 330763,31.0,355.226,27.5097,104.292,-32.7961,226.0
1693,694,AGC 331493,30.141,355.25,26.6714,103.993,-33.5966,-9.9
1694,695,AGC 331497,30.141,355.337,27.2081,104.288,-33.1135,-9.9
1695,696,AGC 331272,30.141,355.352,27.5319,104.426,-32.8107,-9.9
1696,697,AGC 331500,30.141,355.389,27.5056,104.453,-32.8462,-9.9
1697,698,NGC 735,31.0,355.572,26.2317,104.152,-34.1058,260.0
1698,699,NGC 737,30.141,355.693,27.0531,104.589,-33.3611,253.0
1699,700,AGC 331666,0.07,355.708,27.55,104.79,-32.8934,-9.9
1700,701,AGC 330785,30.141,355.736,27.4708,104.788,-32.9762,234.0
1701,702,AGC 331298,30.141,355.821,27.3589,104.832,-33.1062,158.0
1702,703,NGC 740,30.141,355.885,27.3119,104.879,-33.1683,275.0
1703,704,AGC 331309,30.141,355.941,27.5117,105.01,-32.994,-9.9
1704,705,AGC 330889,30.141,356.447,27.3392,105.458,-33.2953,119.0
1705,706,AGC 331333,30.141,356.753,27.2631,105.741,-33.449,-9.9
1706,707,AGC 331343,34.0,356.91,27.52,105.991,-33.2442,-9.9
1707,708,AGC 330924,96.085,356.942,27.6817,106.08,-33.0981,-9.9
1708,709,UGC 785,10.5,357.003,27.3753,106.035,-33.4068,-9.9
1709,710,AGC 331345,30.141,357.005,27.5494,106.098,-33.2408,-9.9
1710,711,AGC 331416,30.141,357.007,27.6239,106.125,-33.1699,-9.9
1711,712,Andromeda_VI,0.837,357.943,24.5825,106.042,-36.3246,10.0
1712,713,Andromeda_XXI,0.843,358.699,42.4708,111.917,-19.1862,5.4
1713,714,NGC 785,49.35,358.829,5.91583,98.5382,-54.2763,267.9
1714,715,Andromeda_XXIX,0.73,359.732,30.7556,109.802,-30.7738,-9.9
